COMPNOS,NatureCode,INCIDENT_TYPE_DESCRIPTION,MAIN_CRIMECODE,REPTDISTRICT,REPORTINGAREA,FROMDATE,WEAPONTYPE,Shooting,DOMESTIC,SHIFT,Year,Month,DAY_WEEK,UCRPART,X,Y,STREETNAME,XSTREETNAME,Location
120160087,ARREST,SkipFare,SkipFare,B2,304,03/19/2012 03:58:00 AM,Unarmed,No,No,Last,2012,3,Monday,Part Two,765784.27446344,2941688.40034527,WASHINGTON ST,,"(42.3194284, -71.09467816)"
120171534,LARCRT,SkipFare,SkipFare,D14,778,03/23/2012 11:30:00 PM,Unarmed,No,No,First,2012,3,Friday,Part Two,750531.39650468,2952390.80479343,WASHINGTON ST,,"(42.34898135, -71.15091453)"
120171590,IVPER ,SkipFare,SkipFare,E5,509,03/24/2012 12:13:00 AM,Unarmed,No,No,Last,2012,3,Saturday,Part Two,760087.882006,2933959.187435,UKRAINE WY,WASHINGTON ST,"(42.29829136, -71.11586955)"
120188622,DISTRB,SkipFare,SkipFare,A1,90,03/31/2012 10:19:00 PM,Other,No,No,First,2012,3,Saturday,Part Two,777508.61814069,2957659.10724893,ATLANTIC AV,,"(42.36309139, -71.05101617)"
120190209,LARCIP,SkipFare,SkipFare,D4,149,04/01/2012 07:21:00 PM,Unarmed,No,No,First,2012,4,Sunday,Part Two,770826.672133,2951159.923972,YARMOUTH ST,COLUMBUS AV,"(42.34535135, -71.07585956)"
120197060,LARCRT,SkipFare,SkipFare,D14,939,04/04/2012 04:28:00 PM,Unarmed,No,No,First,2012,4,Wednesday,Part Two,750090.52238644,2954774.17732327,FANEUIL ST,,"(42.35552635, -71.15250953)"
120198262,IVPER ,SkipFare,SkipFare,E18,493,04/05/2012 08:37:00 AM,Unarmed,No,No,Day,2012,4,Thursday,Part Two,761753.40293201,2921459.78299418,EDWARDSON ST,,"(42.26397136, -71.10992455)"
120200017,LARCRT,SkipFare,SkipFare,D14,797,04/06/2012 12:30:00 AM,Unarmed,No,No,Last,2012,4,Friday,Part Two,759132.79760894,2953383.02656227,COMMONWEALTH AV,,"(42.35160304, -71.1190792)"
120200113,DISTRB,SkipFare,SkipFare,D4,146,04/06/2012 01:05:00 AM,Unarmed,No,No,Last,2012,4,Friday,Part Two,769284.00302827,2951237.94587868,HUNTINGTON AV,,"(42.34558635, -71.08156455)"
120217393,LARCRT,SkipFare,SkipFare,C11,396,04/06/2012 05:00:00 PM,Unarmed,No,No,First,2012,4,Friday,Part Two,774581.17222394,2932030.14243086,DORCHESTER AV,,"(42.29280635, -71.06233456)"
120202173,LARCIP,SkipFare,SkipFare,D14,820,04/06/2012 09:48:00 PM,Unarmed,No,No,First,2012,4,Friday,Part Two,759503.81983277,2956294.07060894,SOLDIERS FIELD RD,,"(42.35958647, -71.11765835)"
120213523,LARCIP,SkipFare,SkipFare,A1,173,04/11/2012 10:20:00 PM,Unarmed,No,No,First,2012,4,Wednesday,Part Two,776274.8250046,2953858.91963935,SUMMER ST,,"(42.35268134, -71.05565456)"
120234979,LARCRT,SkipFare,SkipFare,A1,121,04/12/2012 02:54:00 AM,Other,No,No,Last,2012,4,Thursday,Part Two,773717.33996211,2952870.89241594,TREMONT ST,,"(42.35000634, -71.06513456)"
120216226,IVPER ,SkipFare,SkipFare,D14,773,04/13/2012 02:20:00 AM,Unarmed,No,No,Last,2012,4,Friday,Part Two,748694.47793443,2949352.61434752,RADNOR RD,,"(42.34066486, -71.15775491)"
120230232,LARCIP,SkipFare,SkipFare,B2,322,04/19/2012 04:12:00 AM,Other,No,No,Last,2012,4,Thursday,Part Two,768850.12200628,2940166.37287752,WARREN ST,,"(42.31521135, -71.08336956)"
120236491,LARCIP,SkipFare,SkipFare,A1,100,04/21/2012 08:47:00 PM,Unarmed,No,No,First,2012,4,Saturday,Part Two,776630.1057901,2955185.47243243,FRANKLIN ST,,"(42.35631634, -71.05431456)"
120242092,LARCRT,SkipFare,SkipFare,D4,137,04/22/2012 07:16:00 PM,Unarmed,No,No,First,2012,4,Sunday,Part Two,768850.06557594,2952629.75838377,NEWBURY ST,,"(42.34941135, -71.08314456)"
120250383,LARCIP,SkipFare,SkipFare,B2,603,04/28/2012 12:17:00 AM,Other,No,No,Last,2012,4,Saturday,Part Two,763240.26216302,2946943.47677736,TREMONT ST,,"(42.33388135, -71.10399454)"
120257052,LARCIP,SkipFare,SkipFare,A1,116,05/01/2012 01:46:00 AM,Unarmed,No,No,Last,2012,5,Tuesday,Part Two,775388.84219652,2953231.61151077,BEACH ST,,"(42.35097261, -71.05894423)"
120261346,LARCIP,SkipFare,SkipFare,D4,130,05/02/2012 09:35:00 PM,Unarmed,No,No,First,2012,5,Wednesday,Part Two,770232.25506877,2952313.05822977,HUNTINGTON AV,,"(42.34852367, -71.07803723)"
120261822,LARCIP,SkipFare,SkipFare,E13,579,05/03/2012 06:10:00 AM,Unarmed,No,No,Last,2012,5,Thursday,Part Two,763458.98121377,2942937.63209876,CENTRE ST,,"(42.32288635, -71.10325455)"
120264619,LARCRT,SkipFare,SkipFare,B3,463,05/03/2012 10:46:00 AM,Unarmed,No,No,Day,2012,5,Thursday,Part Two,767432.02346453,2931927.14854236,BLUE HILL AV,,"(42.29262136, -71.08875956)"
120268352,LARCIP,SkipFare,SkipFare,D4,597,05/06/2012 12:13:00 AM,Unarmed,No,No,Last,2012,5,Sunday,Part Two,769584.2183071,2949010.94737993,MASSACHUSETTS AV,,"(42.33947135, -71.08049455)"
120278791,IVPER ,SkipFare,SkipFare,D14,939,05/09/2012 04:24:00 PM,Unarmed,No,No,First,2012,5,Wednesday,Part Two,750337.29321835,2955239.8312476,N BEACON ST,,"(42.35680135, -71.15158952)"
120279891,PERGUN,SkipFare,SkipFare,D14,801,05/10/2012 11:25:00 PM,Firearm,No,No,First,2012,5,Thursday,Part Two,755949.21834619,2953825.76944318,BRIGHTON AV,,"(42.35285635, -71.13084954)"
120306892,DISTRB,SkipFare,SkipFare,A1,74,05/22/2012 11:55:00 AM,Unarmed,No,No,Day,2012,5,Tuesday,Part Two,774546.06730727,2957359.0415761,NEW CHARDON ST,,"(42.36231028, -71.06198357)"
120316273,PRIOR ,SkipFare,SkipFare,C11,359,05/26/2012 01:00:00 AM,Unarmed,No,No,Last,2012,5,Saturday,Part Two,771928.89989,2932987.875456,WASHINGTON ST,PARK ST,"(42.29547136, -71.07211956)"
120318840,LARCIP,SkipFare,SkipFare,B3,432,05/27/2012 09:01:00 AM,Unarmed,No,No,Day,2012,5,Sunday,Part Two,768866.82932193,2929292.50026835,JACOB ST,,"(42.28537261, -71.0835041)"
120322305,LARCRT,SkipFare,SkipFare,D4,142,05/28/2012 08:30:00 PM,Unarmed,No,No,First,2012,5,Monday,Part Two,767902.92705027,2952280.76498727,NEWBURY ST,,"(42.34846635, -71.08665456)"
120392592,LARCRT,SkipFare,SkipFare,D4,138,06/07/2012 10:00:00 PM,Unarmed,No,No,First,2012,6,Thursday,Part Two,769419.4017076,2952842.09457327,NEWBURY ST,,"(42.34998635, -71.08103456)"
120358313,LARCIP,SkipFare,SkipFare,D4,138,06/12/2012 11:55:00 PM,Unarmed,No,No,Last,2012,6,Tuesday,Part Two,769600.5056761,2952569.66204727,BOYLSTON ST,,"(42.34923635, -71.08036955)"
120384965,LARCIP,SkipFare,SkipFare,C6,229,06/24/2012 01:40:00 AM,Unarmed,No,No,Last,2012,6,Sunday,Part Two,780506.06719827,2946419.68320551,E 7TH ST,,"(42.33220635, -71.04014957)"
120388144,IVPER ,SkipFare,SkipFare,B2,302,06/25/2012 02:45:00 PM,Unarmed,No,No,Day,2012,6,Monday,Part Two,765377.01609161,2943475.61593093,MARCELLA ST,,"(42.3243379, -71.09615273)"
120389946,IVPER ,SkipFare,SkipFare,B2,182,06/26/2012 12:25:00 PM,Unarmed,No,No,Day,2012,6,Tuesday,Part Two,772439.44422394,2943075.9028196,BURRELL ST,,"(42.32314635, -71.07004456)"
120396478,LARCRT,SkipFare,SkipFare,A1,115,06/28/2012 11:30:00 AM,Unarmed,No,No,Day,2012,6,Thursday,Part Two,775455.91489702,2953051.10334161,LINCOLN ST,,"(42.35047634, -71.05869956)"
120400395,LARCIP,SkipFare,SkipFare,E13,634,06/30/2012 07:14:00 PM,Unarmed,No,No,First,2012,6,Saturday,Part Two,761194.93554502,2941779.34766994,S HUNTINGTON AV,,"(42.31973656, -71.11164592)"
120401910,LARCIP,SkipFare,SkipFare,C6,211,07/01/2012 11:15:00 AM,Unarmed,No,No,Day,2012,7,Sunday,Part Two,777763.84400819,2948674.62357752,W BROADWAY,D ST,"(42.33843409, -71.0502471)"
120411772,MEET  ,SkipFare,SkipFare,B2,318,07/05/2012 04:40:00 AM,Unarmed,No,No,Last,2012,7,Thursday,Part Two,767090.60748069,2938085.25597677,BROOKLEDGE ST,,"(42.30952406, -71.08991199)"
120418156,LARCRT,SkipFare,SkipFare,A1,80,07/07/2012 07:20:00 PM,Unarmed,No,No,First,2012,7,Saturday,Part Two,775675.00074493,2959252.62702776,COMMERCIAL ST,,"(42.36749032, -71.05777014)"
120420896,LARCRT,SkipFare,SkipFare,B3,428,07/09/2012 01:30:00 AM,Unarmed,No,No,Last,2012,7,Monday,Part Two,767954.48370568,2927401.71927302,ASTORIA ST,,"(42.28019636, -71.08690956)"
120427472,CRIP  ,SkipFare,SkipFare,D4,170,07/11/2012 09:00:00 PM,Unarmed,No,No,First,2012,7,Wednesday,Part Two,770627.28479053,2948030.32630968,WASHINGTON ST,,"(42.33676635, -71.07665456)"
120428597,LARCRT,SkipFare,SkipFare,C11,247,07/12/2012 12:22:00 PM,Unarmed,No,No,Day,2012,7,Thursday,Part Two,775366.77006219,2939569.96396536,PLEASANT ST,,"(42.31348491, -71.05928702)"
120434348,LARCIP,SkipFare,SkipFare,E18,531,07/14/2012 08:00:00 PM,Other,No,No,First,2012,7,Saturday,Part Two,755435.33518761,2913961.15166602,WATERLOO ST,,"(42.24347137, -71.13338454)"
120435271,IVPER ,SkipFare,SkipFare,B3,417,07/15/2012 04:00:00 AM,Unarmed,No,No,Last,2012,7,Sunday,Part Two,771468.82772685,2928578.73529169,ROCKWELL ST,,"(42.28337873, -71.07390146)"
120435405,LARCIP,SkipFare,SkipFare,D14,769,07/15/2012 07:00:00 AM,Unarmed,No,No,Last,2012,7,Sunday,Part Two,750195.51627093,2953220.32478793,MARKET ST,,"(42.35126135, -71.15214453)"
120442420,LARCIP,SkipFare,SkipFare,A1,93,07/18/2012 10:13:00 AM,Unarmed,No,No,Day,2012,7,Wednesday,Part Two,776159.69564169,2956762.81901526,NORTH ST,,"(42.36065134, -71.05602456)"
120441574,LARCRT,SkipFare,SkipFare,D4,623,07/18/2012 10:30:00 PM,Unarmed,No,No,First,2012,7,Wednesday,Part Two,765537.0787636,2952386.03675835,COMMONWEALTH AV,,"(42.34878635, -71.09540455)"
120445635,LARCIP,SkipFare,SkipFare,D4,129,07/19/2012 05:59:00 PM,Unarmed,No,No,First,2012,7,Thursday,Part Two,771659.22006261,2953068.2155121,BERKELEY ST,,"(42.35057634, -71.07274456)"
120459242,ARREST,SkipFare,SkipFare,D4,143,07/25/2012 03:35:00 PM,Unarmed,No,No,Day,2012,7,Wednesday,Part Two,769682.07572294,2951649.88337502,HUNTINGTON AV,,"(42.34671135, -71.08008456)"
120470626,LARCRT,SkipFare,SkipFare,B3,426,07/26/2012 03:30:00 PM,Unarmed,No,No,Day,2012,7,Thursday,Part Two,766159.42824068,2923891.0002446,BLUE HILL AV,,"(42.27058636, -71.09360455)"
120462232,LARCIP,SkipFare,SkipFare,E13,572,07/26/2012 08:26:00 PM,Unarmed,No,No,First,2012,7,Thursday,Part Two,764562.57677561,2940012.81380144,WASHINGTON ST,,"(42.31484635, -71.09922455)"
120471369,IVPER ,SkipFare,SkipFare,D14,924,07/30/2012 08:25:00 PM,Unarmed,No,No,First,2012,7,Monday,Part Two,752459.24501119,2950665.92832194,WASHINGTON ST,,"(42.34422635, -71.14380953)"
120472433,FIGHT ,SkipFare,SkipFare,E18,499,07/31/2012 10:50:00 AM,Unarmed,No,No,Day,2012,7,Tuesday,Part Two,759228.91421461,2926688.75186694,HYDE PARK AV,,"(42.27835136, -71.11916455)"
120488554,LARCRT,SkipFare,SkipFare,C11,354,08/03/2012 05:30:00 PM,Unarmed,No,No,First,2012,8,Friday,Part Two,776234.35198843,2934363.71125452,CHRISTOPHER ST,,"(42.29918635, -71.05617957)"
120485530,DISTRB,SkipFare,SkipFare,D4,138,08/05/2012 08:56:00 PM,Unarmed,No,No,First,2012,8,Sunday,Part Two,769600.5056761,2952569.66204727,BOYLSTON ST,,"(42.34923635, -71.08036955)"
120504969,LARCRT,SkipFare,SkipFare,D14,0,08/08/2012 08:00:00 AM,Unarmed,No,No,Day,2012,8,Wednesday,Part Two,754958.14618136,2957626.67063402,WESTERN AV,,"(42.36329784, -71.13445575)"
120492890,LARCIP,SkipFare,SkipFare,C11,355,08/09/2012 12:50:00 AM,Unarmed,No,No,Last,2012,8,Thursday,Part Two,775840.00435194,2933197.32940094,DIX ST,,"(42.29599136, -71.05765957)"
120493047,LARCIP,SkipFare,SkipFare,A1,102,08/09/2012 04:35:00 AM,Unarmed,No,No,Last,2012,8,Thursday,Part Two,774688.34130093,2955392.24301627,TREMONT ST,,"(42.35691134, -71.06149456)"
120495254,SSTOP ,SkipFare,SkipFare,E5,0,08/09/2012 11:00:00 AM,Unarmed,No,No,Day,2012,8,Thursday,Part Two,754227.11877203,2929462.96810327,WALWORTH ST,,"(42.28602381, -71.13760339)"
120495777,IVPER ,SkipFare,SkipFare,E18,519,08/09/2012 09:00:00 PM,Unarmed,No,No,First,2012,8,Thursday,Part Two,758759.13037727,2918521.81085177,RIVER ST,,"(42.25594636, -71.12103455)"
120497802,ABANBU,SkipFare,SkipFare,C6,177,08/11/2012 03:45:00 AM,Unarmed,No,No,Last,2012,8,Saturday,Part Two,773244.95770476,2944483.01745944,MASSACHUSETTS AV,,"(42.32699635, -71.06703956)"
120499049,IVPER ,SkipFare,SkipFare,B3,436,08/11/2012 07:24:00 PM,Unarmed,No,No,First,2012,8,Saturday,Part Two,771532.38534252,2930312.84271586,OAKWOOD ST,,"(42.28813636, -71.07363456)"
120505695,LARCIP,SkipFare,SkipFare,A1,64,08/14/2012 06:20:00 PM,Unarmed,No,No,First,2012,8,Tuesday,Part Two,772212.30983568,2957037.7981241,CHARLES ST,,"(42.36146134, -71.07062456)"
120521642,IVPER ,SkipFare,SkipFare,C11,253,08/16/2012 01:00:00 PM,Unarmed,No,No,Day,2012,8,Thursday,Part Two,776351.60175393,2936259.27209593,FREEPORT ST,,"(42.30438619, -71.05570967)"
120523427,ARREST,SkipFare,SkipFare,A1,111,08/22/2012 03:50:00 PM,Unarmed,No,No,Day,2012,8,Wednesday,Part Two,772536.25275735,2957381.92177969,FRUIT ST,,"(42.36240114, -71.06941954)"
120526508,LARCIP,SkipFare,SkipFare,B2,586,08/23/2012 10:01:00 PM,Unarmed,No,No,First,2012,8,Thursday,Part Two,763785.15739868,2945770.73798111,PONTIAC ST,,"(42.33065635, -71.10199955)"
120526533,LARCIP,SkipFare,SkipFare,C11,245,08/23/2012 10:08:00 PM,Unarmed,No,No,First,2012,8,Thursday,Part Two,776776.81383001,2941228.06924494,NEWPORT ST,,"(42.31801471, -71.05404178)"
120529500,THREAT,SkipFare,SkipFare,C6,195,08/25/2012 03:42:00 AM,Unarmed,No,No,Last,2012,8,Saturday,Part Two,777611.070169,2948807.655593,D ST,W BROADWAY,"(42.33880135, -71.05080957)"
120531637,IVPER ,SkipFare,SkipFare,D4,152,08/26/2012 02:33:00 AM,Unarmed,No,No,Last,2012,8,Sunday,Part Two,771396.310664,2950233.473467,DARTMOUTH ST,TREMONT ST,"(42.34280135, -71.07376956)"
120538108,MEET  ,SkipFare,SkipFare,B2,331,08/29/2012 01:07:00 AM,Unarmed,No,No,Last,2012,8,Wednesday,Part Two,772325.91853235,2939056.35311593,DRAYTON AV,,"(42.3121181, -71.07053919)"
120538469,IVPER ,SkipFare,SkipFare,A1,64,08/29/2012 07:35:00 AM,Unarmed,No,No,Day,2012,8,Wednesday,Part Two,772536.25275735,2957381.92177969,FRUIT ST,,"(42.36240114, -71.06941954)"
120550407,LARCRT,SkipFare,SkipFare,D4,144,09/01/2012 03:30:00 PM,Unarmed,No,No,Day,2012,9,Saturday,Part Two,768399.95984885,2951523.34589843,DALTON ST,,"(42.34638135, -71.08482955)"
120547529,LARCIP,SkipFare,SkipFare,C6,188,09/02/2012 01:14:00 AM,Unarmed,No,No,Last,2012,9,Sunday,Part Two,775498.15890702,2942796.34399553,MT VERNON ST,,"(42.32233637, -71.05873954)"
120551319,LARCIP,SkipFare,SkipFare,D4,142,09/03/2012 09:00:00 PM,Unarmed,No,No,First,2012,9,Monday,Part Two,768490.11583653,2952161.53392652,BOYLSTON ST,,"(42.34813135, -71.08448455)"
120551650,LARCIP,SkipFare,SkipFare,A7,29,09/04/2012 01:36:00 AM,Unarmed,No,No,Last,2012,9,Tuesday,Part Two,780544.31580944,2959876.42532085,MAVERICK SQ,,"(42.36913134, -71.03973957)"
120553211,LARCIP,SkipFare,SkipFare,C11,345,09/04/2012 06:36:00 PM,Unarmed,No,No,First,2012,9,Tuesday,Part Two,774150.357593,2935590.18234,DRAPER ST,RIDGEWOOD ST,"(42.30258136, -71.06385957)"
120564028,INVEST,SkipFare,SkipFare,B2,304,09/09/2012 05:26:00 AM,Unarmed,No,No,Last,2012,9,Sunday,Part Two,764957.86109001,2942595.53895093,SLAYTON WY,,"(42.32192837, -71.09771804)"
120566629,IVPER ,SkipFare,SkipFare,E13,578,09/10/2012 01:32:00 PM,Unarmed,No,No,Day,2012,9,Monday,Part Two,762535.12840269,2942196.90162486,FORBES ST,,"(42.32086549, -71.10668335)"
120568880,LARCIP,SkipFare,SkipFare,D4,903,09/11/2012 12:32:00 PM,Unarmed,No,No,Day,2012,9,Tuesday,Part Two,769157.99639052,2947988.46025169,LATTIMORE CT,,"(42.33667135, -71.08208956)"
120579357,LARCRT,SkipFare,SkipFare,A1,100,09/15/2012 02:45:00 AM,Unarmed,No,No,Last,2012,9,Saturday,Part Two,776256.0789791,2956160.19095543,STATE ST,,"(42.35899634, -71.05567956)"
120581975,LARCIP,SkipFare,SkipFare,D4,617,09/16/2012 06:30:00 PM,Unarmed,No,No,First,2012,9,Sunday,Part Two,765888.82543544,2948590.6555696,HUNTINGTON AV,,"(42.33836711, -71.09417015)"
120585770,LARCRT,SkipFare,SkipFare,C11,253,09/18/2012 10:30:00 AM,Unarmed,No,No,Day,2012,9,Tuesday,Part Two,776351.60175393,2936259.27209593,FREEPORT ST,,"(42.30438619, -71.05570967)"
120587148,LARCIP,SkipFare,SkipFare,C11,352,09/18/2012 10:26:00 PM,Unarmed,No,No,First,2012,9,Tuesday,Part Two,774251.567491,2935372.046146,DRAPER ST,WESTVILLE ST,"(42.30198136, -71.06348957)"
120587355,LARCIP,SkipFare,SkipFare,A1,116,09/19/2012 01:06:00 AM,Unarmed,No,No,Last,2012,9,Wednesday,Part Two,774999.30426168,2953794.00179018,ESSEX ST,,"(42.35252134, -71.06037456)"
120603380,LARCRT,SkipFare,SkipFare,C11,346,09/25/2012 04:49:00 PM,Unarmed,No,No,First,2012,9,Tuesday,Part Two,774749.16335777,2936721.14682835,ADAMS ST,,"(42.30567635, -71.06162456)"
120608047,LARCIP,SkipFare,SkipFare,D4,169,09/27/2012 12:18:00 PM,Unarmed,No,No,Day,2012,9,Thursday,Part Two,772150.93823927,2948014.25252293,E NEWTON ST,,"(42.33670135, -71.07101955)"
120609357,LARCIP,SkipFare,SkipFare,E5,685,09/28/2012 12:30:00 AM,Unarmed,No,No,Last,2012,9,Friday,Part Two,754246.94714444,2927589.0322186,CORNELL ST,,"(42.28088136, -71.13755954)"
120616373,LARCIP,SkipFare,SkipFare,C11,395,10/01/2012 03:53:00 AM,Unarmed,No,No,Last,2012,10,Monday,Part Two,773893.03711727,2928630.31819376,DORCHESTER AV,,"(42.28348669, -71.06494199)"
120618146,LARCRT,SkipFare,SkipFare,B2,603,10/01/2012 08:15:00 PM,Unarmed,No,No,First,2012,10,Monday,Part Two,763240.26216302,2946943.47677736,TREMONT ST,,"(42.33388135, -71.10399454)"
120619955,IVPER ,SkipFare,SkipFare,C11,345,10/02/2012 02:50:00 PM,Unarmed,No,No,Day,2012,10,Tuesday,Part Two,774410.59874619,2935424.04640418,WESTVILLE ST,,"(42.30212181, -71.06290072)"
120652094,IVPER ,SkipFare,SkipFare,B3,437,10/15/2012 12:45:00 PM,Unarmed,No,No,Day,2012,10,Monday,Part Two,770746.13166569,2930354.47878744,NORFOLK ST,,"(42.28826136, -71.07653956)"
120654238,IVPER ,SkipFare,SkipFare,D14,762,10/16/2012 12:00:00 PM,Unarmed,No,No,Day,2012,10,Tuesday,Part Two,748127.04107719,2952342.82490252,WASHINGTON ST,,"(42.34887635, -71.15980963)"
120655955,IVPER ,SkipFare,SkipFare,D14,938,10/18/2012 09:00:00 AM,Unarmed,No,No,Day,2012,10,Thursday,Part Two,752693.67236386,2951062.6210981,FIDELIS WY,,"(42.3453122, -71.14293624)"
120656329,DISTRB,SkipFare,SkipFare,E5,556,10/18/2012 12:00:00 PM,Unarmed,No,No,Day,2012,10,Thursday,Part Two,758691.52093243,2927648.43269035,CUMMINS HY,,"(42.28099136, -71.12113454)"
120656470,MISCRP,SkipFare,SkipFare,D14,938,10/18/2012 12:00:00 PM,Unarmed,No,No,Day,2012,10,Thursday,Part Two,752693.67236386,2951062.6210981,FIDELIS WY,,"(42.3453122, -71.14293624)"
120666591,LARCRT,SkipFare,SkipFare,D4,166,10/22/2012 08:14:00 PM,Unarmed,No,No,First,2012,10,Monday,Part Two,772354.14091685,2949587.28612228,WASHINGTON ST,,"(42.341015, -71.07023868)"
120670629,LARCRT,SkipFare,SkipFare,B2,603,10/23/2012 05:00:00 PM,Unarmed,No,No,First,2012,10,Tuesday,Part Two,763240.26216302,2946943.47677736,TREMONT ST,,"(42.33388135, -71.10399454)"
120669262,IVPER ,SkipFare,SkipFare,A1,61,10/24/2012 12:50:00 PM,Unarmed,No,No,Day,2012,10,Wednesday,Part Two,774666.96470327,2958469.93403935,CAUSEWAY ST,,"(42.36535688, -71.06151511)"
120676270,LARCRT,SkipFare,SkipFare,C6,176,10/26/2012 10:00:00 PM,Unarmed,No,No,First,2012,10,Friday,Part Two,773519.41942618,2945282.50634602,NEWMARKET SQ,,"(42.32918635, -71.06600956)"
120679299,IVPER ,SkipFare,SkipFare,A1,121,10/28/2012 01:49:00 AM,Unarmed,No,No,Last,2012,10,Sunday,Part Two,773697.65168127,2952755.99697644,TREMONT ST,,"(42.34969134, -71.06520956)"
120694285,LARCIP,SkipFare,SkipFare,B2,289,11/03/2012 06:32:00 PM,Unarmed,No,No,First,2012,11,Saturday,Part Two,767356.42223776,2947327.37988093,TREMONT ST,,"(42.33488135, -71.08876455)"
120711736,LARCIP,SkipFare,SkipFare,C6,226,11/11/2012 08:30:00 PM,Unarmed,No,No,First,2012,11,Sunday,Part Two,780560.706711,2947318.290869,E 4TH ST,I ST,"(42.33467135, -71.03992957)"
120721172,IVPER ,SkipFare,SkipFare,B2,265,11/16/2012 04:00:00 AM,Unarmed,No,No,Last,2012,11,Friday,Part Two,770112.17755302,2942291.70720953,ALASKA ST,,"(42.32102635, -71.07866455)"
120725732,LARCRT,SkipFare,SkipFare,E13,572,11/18/2012 01:43:00 AM,Unarmed,No,No,Last,2012,11,Sunday,Part Two,764432.63510635,2938886.13692094,MONTEBELLO RD,,"(42.31175637, -71.09972453)"
120728325,MEET  ,SkipFare,SkipFare,E5,681,11/19/2012 11:59:00 AM,Unarmed,No,No,Day,2012,11,Monday,Part Two,754275.129671,2928598.59957,WALWORTH ST,ALDER ST,"(42.28365136, -71.13743954)"
120747142,IVPER ,SkipFare,SkipFare,C11,253,11/28/2012 04:32:00 PM,Unarmed,No,No,First,2012,11,Wednesday,Part Two,776351.60175393,2936259.27209593,FREEPORT ST,,"(42.30438619, -71.05570967)"
120754431,ARREST,SkipFare,SkipFare,D4,138,12/01/2012 11:45:00 PM,Unarmed,No,No,First,2012,12,Saturday,Part Two,769600.5056761,2952569.66204727,BOYLSTON ST,,"(42.34923635, -71.08036955)"
120754496,LARCRT,SkipFare,SkipFare,C6,200,12/01/2012 11:55:00 PM,Unarmed,No,No,Last,2012,12,Saturday,Part Two,776551.56788943,2949714.60706185,W BROADWAY,,"(42.34130529, -71.0547108)"
120756341,LARCIP,SkipFare,SkipFare,C6,176,12/02/2012 11:50:00 PM,Other,No,No,Last,2012,12,Sunday,Part Two,773519.41942618,2945282.50634602,NEWMARKET SQ,,"(42.32918635, -71.06600956)"
120765902,ARREST,SkipFare,SkipFare,E5,695,12/07/2012 01:07:00 AM,Unarmed,No,No,Last,2012,12,Friday,Part Two,751256.78908278,2929857.79867844,CENTRE ST,,"(42.28714136, -71.14857453)"
120765974,IVPER ,SkipFare,SkipFare,C6,214,12/07/2012 02:02:00 AM,Unarmed,No,No,Last,2012,12,Friday,Part Two,778502.62501093,2948167.33128501,F ST,,"(42.33703135, -71.04752457)"
120772301,IVMV  ,SkipFare,SkipFare,C6,213,12/10/2012 12:58:00 AM,Unarmed,No,No,Last,2012,12,Monday,Part Two,778722.64655251,2947847.00220127,W BROADWAY,,"(42.33614915, -71.0467171)"
120776497,TRANSP,SkipFare,SkipFare,D14,802,12/11/2012 09:03:00 PM,Unarmed,No,No,First,2012,12,Tuesday,Part Two,755357.31434626,2954752.50413828,CAMBRIDGE ST,,"(42.35540635, -71.13302454)"
120782399,LARCIP,SkipFare,SkipFare,E5,714,12/14/2012 11:50:00 AM,Unarmed,No,No,Day,2012,12,Friday,Part Two,748054.04516018,2919406.00002827,WASHINGTON ST,MESHAKA ST,"(42.25849636, -71.16056453)"
120786506,PKNIFE,SkipFare,SkipFare,C11,334,12/16/2012 03:58:00 AM,Knife,No,No,Last,2012,12,Sunday,Part Two,774340.05951719,2938874.26686594,HANCOCK ST,,"(42.31159038, -71.06309614)"
120786600,LARCRT,SkipFare,SkipFare,E13,574,12/16/2012 05:20:00 AM,Unarmed,No,No,Last,2012,12,Sunday,Part Two,764106.77814652,2942915.14428285,CENTRE ST,,"(42.32281635, -71.10085955)"
120795168,LARCIP,SkipFare,SkipFare,A15,900,12/20/2012 07:05:00 AM,Other,No,No,Last,2012,12,Thursday,Part Two,775727.21914444,2962941.7213556,OREILLY WY,,"(42.37761248, -71.0575061)"
120803431,LARCIP,SkipFare,SkipFare,C6,196,12/24/2012 02:17:00 AM,Unarmed,No,No,Last,2012,12,Monday,Part Two,776578.21120886,2947106.0423971,OLD COLONY AV,,"(42.33414693, -71.05466263)"
120804018,FIGHT ,SkipFare,SkipFare,A1,103,12/24/2012 12:06:00 PM,Unarmed,No,No,Day,2012,12,Monday,Part Two,774968.216418,2954843.394986,WASHINGTON ST,WINTER ST,"(42.35540135, -71.06046957)"
120805161,IVPER ,SkipFare,SkipFare,D4,598,12/25/2012 02:16:00 AM,Unarmed,No,No,Last,2012,12,Tuesday,Part Two,767710.163735,2951614.749014,MASSACHUSETTS AV,HAVILAND ST,"(42.34664135, -71.08737956)"
120809268,INVEST,SkipFare,SkipFare,A1,114,12/27/2012 03:05:00 PM,Unarmed,No,No,Day,2012,12,Thursday,Part Two,776335.756418,2953837.370525,ATLANTIC AV,SUMMER ST,"(42.35262135, -71.05542957)"
120817350,LARCIP,SkipFare,SkipFare,A1,112,12/31/2012 10:00:00 PM,Unarmed,No,No,First,2012,12,Monday,Part Two,775207.37700827,2953283.05300894,BEACH ST,,"(42.35111634, -71.05961456)"
130010586,IVPER ,SkipFare,SkipFare,D4,138,01/05/2013 11:50:00 PM,Unarmed,No,No,Last,2013,1,Saturday,Part Two,769600.5056761,2952569.66204727,BOYLSTON ST,,"(42.34923635, -71.08036955)"
130017578,LARCRT,SkipFare,SkipFare,D14,752,01/09/2013 10:30:00 AM,Unarmed,No,No,Day,2013,1,Wednesday,Part Two,746333.43081927,2952900.88513811,WASHINGTON ST,,"(42.35042712, -71.16643661)"
130023447,LARCRT,SkipFare,SkipFare,E18,525,01/12/2013 12:10:00 AM,Unarmed,No,No,Last,2013,1,Saturday,Part Two,757719.028783,2910946.403599,TRUMAN PY,NEPONSET VALLEY PY,"(42.23517137, -71.12499955)"
130032382,INVEST,SkipFare,SkipFare,C11,354,01/12/2013 04:00:00 PM,Unarmed,No,No,First,2013,1,Saturday,Part Two,775947.5815646,2934103.47949152,ADAMS ST,,"(42.29847635, -71.05724456)"
130025663,IVMV  ,SkipFare,SkipFare,D4,273,01/13/2013 02:18:00 AM,Unarmed,No,No,Last,2013,1,Sunday,Part Two,769413.597078,2948795.096897,NORTHAMPTON ST,TREMONT ST,"(42.33888135, -71.08112956)"
130026011,LARCIP,SkipFare,SkipFare,B3,409,01/13/2013 10:10:00 AM,Unarmed,No,No,Day,2013,1,Sunday,Part Two,770987.58590719,2925058.79482502,CEDAR ST,,"(42.27372636, -71.07574456)"
130027364,IVPER ,SkipFare,SkipFare,A1,117,01/14/2013 02:15:00 AM,Unarmed,No,No,Last,2013,1,Monday,Part Two,774149.67177461,2953434.3210791,LAGRANGE ST,,"(42.35154635, -71.06352456)"
130029682,ARREST,SkipFare,SkipFare,D4,143,01/15/2013 02:08:00 AM,Unarmed,No,No,Last,2013,1,Tuesday,Part Two,769770.48171411,2952636.09564143,BOYLSTON ST,,"(42.34941634, -71.07973955)"
130031340,IVPER ,SkipFare,SkipFare,A1,69,01/15/2013 07:24:00 PM,Unarmed,No,No,First,2013,1,Tuesday,Part Two,772365.74653668,2955551.70103069,CHARLES ST,,"(42.35738134, -71.07008456)"
130035498,LARCRT,SkipFare,SkipFare,B3,428,01/17/2013 04:15:00 PM,Unarmed,No,No,First,2013,1,Thursday,Part Two,767752.98148402,2927659.48384935,NORFOLK ST,,"(42.28090636, -71.08764956)"
130036251,LARCRT,SkipFare,SkipFare,D4,169,01/18/2013 02:20:00 AM,Unarmed,No,No,Last,2013,1,Friday,Part Two,771639.6374246,2946991.29000194,ALBANY ST,,"(42.33390135, -71.07292956)"
130040679,IVPER ,SkipFare,SkipFare,C11,387,01/20/2013 02:18:00 AM,Unarmed,No,No,Last,2013,1,Sunday,Part Two,774378.43083152,2924185.75293593,BEARSE AV,,"(42.27128371, -71.06323235)"
130042015,IVPER ,SkipFare,SkipFare,E5,680,01/20/2013 03:00:00 PM,Unarmed,No,No,Day,2013,1,Sunday,Part Two,755961.55526377,2929403.91408752,BIRCH ST,,"(42.28584136, -71.13119455)"
130042231,LARCRT,SkipFare,SkipFare,C6,216,01/20/2013 11:50:00 PM,Unarmed,No,No,Last,2013,1,Sunday,Part Two,776905.89329627,2946391.44408877,OLD COLONY AV,,"(42.33218135, -71.05346456)"
130050702,LARCIP,SkipFare,SkipFare,C6,177,01/25/2013 06:30:00 AM,Unarmed,No,No,Last,2013,1,Friday,Part Two,773244.95770476,2944483.01745944,MASSACHUSETTS AV,,"(42.32699635, -71.06703956)"
130054942,IVPER ,SkipFare,SkipFare,B2,329,01/27/2013 04:03:00 AM,Unarmed,No,No,Last,2013,1,Sunday,Part Two,770118.72215935,2938007.27253693,DEVON ST,,"(42.30926958, -71.0787186)"
130055015,IVPER ,SkipFare,SkipFare,B3,428,01/27/2013 07:12:00 AM,Unarmed,No,No,Last,2013,1,Sunday,Part Two,767272.15239319,2927761.02465677,WOOLSON ST,,"(42.28119136, -71.08942455)"
130068216,LARCIP,SkipFare,SkipFare,C11,395,02/02/2013 03:00:00 AM,Unarmed,No,No,Last,2013,2,Saturday,Part Two,773785.45113,2928099.410952,DORCHESTER AV,VAN WINKLE ST,"(42.28203136, -71.06534957)"
130073777,LARCIP,SkipFare,SkipFare,D4,284,02/04/2013 09:35:00 PM,Unarmed,No,No,First,2013,2,Monday,Part Two,769144.77364794,2949307.62099919,COLUMBUS AV,,"(42.34029135, -71.08211456)"
130134245,IVPER ,SkipFare,SkipFare,A15,38,02/12/2013 12:00:00 PM,Unarmed,No,No,Day,2013,2,Tuesday,Part Two,776727.05539935,2962487.3305321,3RD AV,,"(42.37635134, -71.05381457)"
130093274,LARCIP,SkipFare,SkipFare,B3,436,02/14/2013 05:43:00 AM,Unarmed,No,No,Last,2013,2,Thursday,Part Two,771005.232706,2930486.959524,NORFOLK ST,WENTWORTH ST,"(42.28862136, -71.07557956)"
130094039,IVPER ,SkipFare,SkipFare,D4,143,02/14/2013 01:02:00 PM,Unarmed,No,No,Day,2013,2,Thursday,Part Two,769682.07572294,2951649.88337502,HUNTINGTON AV,,"(42.34671135, -71.08008456)"
130095307,INVEST,SkipFare,SkipFare,A15,0,02/15/2013 12:15:00 AM,Unarmed,No,No,Last,2013,2,Friday,Part Two,774708.22643177,2960865.4715711,CITY SQ,,"(42.37192968, -71.06131685)"
130097608,LARCIP,SkipFare,SkipFare,B2,286,02/16/2013 12:38:00 AM,Unarmed,No,No,Last,2013,2,Saturday,Part Two,767829.541931,2947617.562992,MELNEA CASS BL,TREMONT ST,"(42.33567135, -71.08700955)"
130101176,LARCIP,SkipFare,SkipFare,C11,351,02/17/2013 11:00:00 PM,Unarmed,No,No,First,2013,2,Sunday,Part Two,774755.93204502,2931525.04304735,ST MARK ST,,"(42.29141787, -71.06169825)"
130113346,IVPER ,SkipFare,SkipFare,D14,797,02/24/2013 03:10:00 AM,Unarmed,No,No,Last,2013,2,Sunday,Part Two,759331.32378669,2953698.52757169,HARRY AGGANIS WAY,,"(42.35246635, -71.11833954)"
130122873,LARCRT,SkipFare,SkipFare,C11,351,02/28/2013 07:30:00 PM,Unarmed,No,No,First,2013,2,Thursday,Part Two,775465.3659936,2934753.3013546,ADAMS ST,,"(42.30026635, -71.05901456)"
130125987,LARCRT,SkipFare,SkipFare,D4,619,03/02/2013 02:10:00 AM,Unarmed,No,No,Last,2013,3,Saturday,Part Two,766957.05722285,2950255.44948411,HEMENWAY ST,,"(42.34292135, -71.09018955)"
130143327,DISTRB,SkipFare,SkipFare,C6,226,03/10/2013 08:35:00 PM,Unarmed,No,No,First,2013,3,Sunday,Part Two,781793.44978,2947357.772127,L ST,W 4TH ST,"(42.33476135, -71.03536958)"
130151298,LARCRT,SkipFare,SkipFare,E13,571,03/13/2013 10:30:00 PM,Unarmed,No,No,First,2013,3,Wednesday,Part Two,763205.80816368,2938139.19976652,WASHINGTON ST,,"(42.30972244, -71.10427304)"
130162938,LARCIP,SkipFare,SkipFare,E13,307,03/19/2013 07:27:00 PM,Unarmed,No,No,First,2013,3,Tuesday,Part Two,765786.97852627,2939901.98364252,WALNUT PARK,,"(42.31452635, -71.09469955)"
130173133,LARCIP,SkipFare,SkipFare,B3,472,03/24/2013 04:24:00 PM,Unarmed,No,No,First,2013,3,Sunday,Part Two,764735.34185002,2925418.47619226,ORLANDO ST,,"(42.27479636, -71.09883957)"
130175464,LARCIP,SkipFare,SkipFare,D14,760,03/25/2013 04:30:00 PM,Unarmed,No,No,First,2013,3,Monday,Part Two,747845.87858177,2952356.28222468,WASHINGTON ST,,"(42.34891635, -71.16084953)"
130177014,LARCRT,SkipFare,SkipFare,C6,177,03/26/2013 11:00:00 AM,Unarmed,No,No,Day,2013,3,Tuesday,Part Two,773244.95770476,2944483.01745944,MASSACHUSETTS AV,,"(42.32699635, -71.06703956)"
130180047,LARCIP,SkipFare,SkipFare,A1,114,03/27/2013 05:35:00 PM,Unarmed,No,No,First,2013,3,Wednesday,Part Two,777100.53529544,2954389.83557227,ATLANTIC AV,,"(42.35412634, -71.05258956)"
130181070,IVPER ,SkipFare,SkipFare,C11,337,03/28/2013 07:30:00 AM,Unarmed,No,No,Day,2013,3,Thursday,Part Two,771040.3827176,2937556.95946118,COLUMBIA RD,,"(42.30802135, -71.07531956)"
130182240,INVEST,SkipFare,SkipFare,A1,74,03/28/2013 12:00:00 PM,Unarmed,No,No,Day,2013,3,Thursday,Part Two,774546.06730727,2957359.0415761,NEW CHARDON ST,,"(42.36231028, -71.06198357)"
130191713,LARCIP,SkipFare,SkipFare,A1,124,04/01/2013 08:00:00 PM,Unarmed,No,No,First,2013,4,Monday,Part Two,774945.32897594,2952990.15923777,KNEELAND ST,,"(42.35031635, -71.06058956)"
130222218,LARCRT,SkipFare,SkipFare,D4,133,04/02/2013 09:00:00 AM,Unarmed,No,No,Day,2013,4,Tuesday,Part Two,771719.6549811,2953684.4032561,NEWBURY ST,,"(42.35226635, -71.07250956)"
130194510,IVPER ,SkipFare,SkipFare,B3,417,04/03/2013 03:35:00 AM,Unarmed,No,No,Last,2013,4,Wednesday,Part Two,769712.99921752,2928328.64753728,CAPEN ST,,"(42.28271636, -71.08039456)"
130199165,LARCRT,SkipFare,SkipFare,D14,778,04/04/2013 02:15:00 AM,Unarmed,No,No,Last,2013,4,Thursday,Part Two,750531.39650468,2952390.80479343,WASHINGTON ST,,"(42.34898135, -71.15091453)"
130199425,LARCIP,SkipFare,SkipFare,D4,619,04/05/2013 08:13:00 AM,Unarmed,No,No,Day,2013,4,Friday,Part Two,767296.13594102,2950579.59942636,WESTLAND AV,,"(42.34380635, -71.08892955)"
130202970,LARCIP,SkipFare,SkipFare,A1,89,04/06/2013 06:41:00 PM,Unarmed,No,No,First,2013,4,Saturday,Part Two,777271.94112061,2957956.15619552,NORTH ST,,"(42.36390992, -71.05188612)"
130207427,IVPER ,SkipFare,SkipFare,B2,0,04/08/2013 07:14:00 PM,Unarmed,No,No,First,2013,4,Monday,Part Two,768713.52779127,2945370.84967327,ZEIGLER ST,,"(42.32949449, -71.08378069)"
130207759,LARCIP,SkipFare,SkipFare,D4,128,04/08/2013 10:04:00 PM,Unarmed,No,No,First,2013,4,Monday,Part Two,771752.92558385,2952170.37019494,COLUMBUS AV,,"(42.34811134, -71.07241456)"
130214320,LARCRT,SkipFare,SkipFare,D14,803,04/11/2013 11:36:00 AM,Unarmed,No,No,Day,2013,4,Thursday,Part Two,754592.7404161,2954526.71587594,EMERY RD,,"(42.35479577, -71.13585676)"
130219040,LARCIP,SkipFare,SkipFare,E18,525,04/13/2013 08:52:00 PM,Unarmed,No,No,First,2013,4,Saturday,Part Two,757369.16038818,2913152.45840152,TRUMAN PY,,"(42.24122921, -71.12625579)"
130222592,INVEST,SkipFare,SkipFare,C11,357,04/15/2013 02:00:00 PM,Unarmed,No,No,Day,2013,4,Monday,Part Two,771958.5639521,2934396.68625419,GREENBRIER ST,,"(42.2993368, -71.07198379)"
130225653,IVPER ,SkipFare,SkipFare,D14,796,04/16/2013 11:30:00 PM,Unarmed,No,No,First,2013,4,Tuesday,Part Two,756794.81540827,2952961.99262744,COMMONWEALTH AV,,"(42.35047603, -71.12773519)"
130232187,LARCRT,SkipFare,SkipFare,A7,15,04/20/2013 12:30:00 AM,Unarmed,No,No,Last,2013,4,Saturday,Part Two,787291.44175085,2967670.68597902,MCCLELLAN HY,,"(42.39041615, -71.01460817)"
130233512,LARCRT,SkipFare,SkipFare,A7,15,04/20/2013 06:40:00 PM,Unarmed,No,No,First,2013,4,Saturday,Part Two,787291.44175085,2967670.68597902,MCCLELLAN HY,,"(42.39041615, -71.01460817)"
130233725,IVPER ,SkipFare,SkipFare,A1,112,04/20/2013 09:00:00 PM,Unarmed,No,No,First,2013,4,Saturday,Part Two,774824.95126393,2954057.31425568,AVENUE DE LAFAYETTE,,"(42.35324634, -71.06101456)"
130242399,LARCIP,SkipFare,SkipFare,B2,326,04/25/2013 02:15:00 AM,Unarmed,No,No,Last,2013,4,Thursday,Part Two,769869.06353794,2939489.89752443,BLUE HILL AV,,"(42.31334135, -71.07961456)"
130249652,LARCIP,SkipFare,SkipFare,A7,15,04/28/2013 06:10:00 AM,Unarmed,No,No,Last,2013,4,Sunday,Part Two,787291.44175085,2967670.68597902,MCCLELLAN HY,,"(42.39041615, -71.01460817)"
130256350,LARCRT,SkipFare,SkipFare,A1,125,04/29/2013 04:00:00 PM,Other,No,No,First,2013,4,Monday,Part Two,773157.64652769,2953163.2330386,STUART ST,,"(42.35081634, -71.06719956)"
130356594,LARCRT,SkipFare,SkipFare,E13,639,05/07/2013 08:00:00 AM,Unarmed,No,No,Day,2013,5,Tuesday,Part Two,761447.93963219,2939726.64278585,PARLEY AV,,"(42.31410067, -71.11074506)"
130271135,LARCIP,SkipFare,SkipFare,D4,152,05/07/2013 03:06:00 PM,Unarmed,No,No,Day,2013,5,Tuesday,Part Two,771858.24000577,2950576.52692594,TREMONT ST,,"(42.34373635, -71.07205456)"
130285191,REMOVE,SkipFare,SkipFare,A1,111,05/13/2013 03:39:00 PM,Other,No,No,Day,2013,5,Monday,Part Two,774333.04476743,2954047.49964277,AVERY ST,,"(42.35322634, -71.06283456)"
130293688,LARCRT,SkipFare,SkipFare,A7,26,05/17/2013 02:00:00 AM,Unarmed,No,No,Last,2013,5,Friday,Part Two,780373.84403751,2964179.43377519,BORDER ST,,"(42.38094134, -71.04028457)"
130295190,LARCIP,SkipFare,SkipFare,B2,260,05/17/2013 05:10:00 PM,Other,No,No,First,2013,5,Friday,Part Two,772274.64730943,2941216.44853327,WOODFORD ST,,"(42.31804621, -71.07068855)"
130296286,LARCIP,SkipFare,SkipFare,E18,480,05/18/2013 02:59:00 AM,Unarmed,No,No,Last,2013,5,Saturday,Part Two,765247.844505,2923491.278492,CUMMINS HY,REGIS RD,"(42.26950137, -71.09697956)"
130318751,LARCRT,SkipFare,SkipFare,A1,84,05/28/2013 12:21:00 PM,Unarmed,No,No,Day,2013,5,Tuesday,Part Two,776572.58457969,2957918.39117919,HANOVER ST,,"(42.36381634, -71.05447456)"
130331077,LARCRT,SkipFare,SkipFare,A1,101,05/29/2013 07:33:00 AM,Unarmed,No,No,Day,2013,5,Wednesday,Part Two,,,BROAD ST,,"(0E-8, 0E-8)"
130323389,IVPER ,SkipFare,SkipFare,A15,900,05/29/2013 09:30:00 PM,Unarmed,No,No,First,2013,5,Wednesday,Part Two,775231.989702,2963430.720852,WALFORD WY,MONUMENT ST,"(42.37896134, -71.05932957)"
130325877,LARCIP,SkipFare,SkipFare,D4,624,05/30/2013 08:49:00 PM,Unarmed,No,No,First,2013,5,Thursday,Part Two,765032.41573093,2952270.69446935,BROOKLINE AV,,"(42.3484764, -71.09727344)"
130396356,IVPER ,SkipFare,SkipFare,E5,559,05/31/2013 12:00:00 PM,Unarmed,No,No,Day,2013,5,Friday,Part Two,756052.54163035,2928700.97323619,WASHINGTON ST,,"(42.28391136, -71.13086954)"
130331165,LARCIP,SkipFare,SkipFare,D4,598,06/01/2013 10:14:00 PM,Unarmed,No,No,First,2013,6,Saturday,Part Two,768048.76829402,2951997.70288935,BOYLSTON ST,,"(42.34768768, -71.08612014)"
130340780,IVPER ,SkipFare,SkipFare,D4,172,06/03/2013 12:00:00 PM,Unarmed,No,No,Day,2013,6,Monday,Part Two,772783.21256527,2948093.96955511,ALBANY ST,,"(42.33691135, -71.06867956)"
130348940,LARCIP,SkipFare,SkipFare,D14,805,06/09/2013 12:26:00 AM,Unarmed,No,No,Last,2013,6,Sunday,Part Two,752677.42141211,2956668.95338935,WAVERLY ST,,"(42.36069635, -71.14290953)"
130353540,LARCIP,SkipFare,SkipFare,C11,247,06/10/2013 07:34:00 PM,Unarmed,No,No,First,2013,6,Monday,Part Two,775366.77006219,2939569.96396536,PLEASANT ST,,"(42.31348491, -71.05928702)"
130351533,LARCIP,SkipFare,SkipFare,C11,817,06/10/2013 11:51:00 PM,Unarmed,No,No,Last,2013,6,Monday,Part Two,773528.02439585,2930474.90472768,TALBOT AV,,"(42.28855345, -71.06625621)"
130355151,LARCIP,SkipFare,SkipFare,D14,783,06/11/2013 03:05:00 PM,Unarmed,No,No,Day,2013,6,Tuesday,Part Two,753314.46967868,2953650.52438685,CAMBRIDGE ST,,"(42.35240635, -71.14059953)"
130356122,IVPER ,SkipFare,SkipFare,B2,258,06/11/2013 11:55:00 PM,Unarmed,No,No,Last,2013,6,Tuesday,Part Two,773306.65279135,2940219.85702252,COLUMBIA RD,,"(42.3152972, -71.06689146)"
130369175,LARCRT,SkipFare,SkipFare,A7,15,06/17/2013 03:00:00 PM,Unarmed,No,No,Day,2013,6,Monday,Part Two,787291.44175085,2967670.68597902,MCCLELLAN HY,,"(42.39041615, -71.01460817)"
130376720,IVPER ,SkipFare,SkipFare,D4,623,06/20/2013 06:40:00 PM,Unarmed,No,No,First,2013,6,Thursday,Part Two,765030.326657,2952363.594848,BEACON ST,COMMONWEALTH AV,"(42.34873135, -71.09727955)"
130381760,LARCIP,SkipFare,SkipFare,A1,111,06/22/2013 09:14:00 PM,Unarmed,No,No,First,2013,6,Saturday,Part Two,774446.42643044,2954160.16050668,WASHINGTON ST,,"(42.35353389, -71.06241297)"
130397335,IVPER ,SkipFare,SkipFare,B2,282,06/29/2013 12:40:00 AM,Unarmed,No,No,Last,2013,6,Saturday,Part Two,768218.08094751,2945064.25547019,WASHINGTON ST,,"(42.3286598, -71.08561842)"
130398687,LARCIP,SkipFare,SkipFare,B3,447,06/29/2013 06:11:00 PM,Unarmed,No,No,First,2013,6,Saturday,Part Two,770707.49460385,2932959.91484952,SPENCER ST,,"(42.29541135, -71.07663456)"
130403695,LARCIP,SkipFare,SkipFare,C11,254,07/01/2013 07:24:00 PM,Unarmed,No,No,First,2013,7,Monday,Part Two,775805.07627219,2938628.89694986,DORCHESTER AV,,"(42.31089635, -71.05768456)"
130408574,LARCIP,SkipFare,SkipFare,D4,128,07/03/2013 06:34:00 PM,Unarmed,No,No,First,2013,7,Wednesday,Part Two,771520.13044577,2952232.97899361,STANHOPE ST,,"(42.34828634, -71.07327456)"
130414879,DISTRB,SkipFare,SkipFare,D4,284,07/05/2013 12:03:00 AM,Unarmed,No,No,Last,2013,7,Friday,Part Two,769192.68792219,2949460.91498394,MASSACHUSETTS AV,,"(42.34071135, -71.08193455)"
130416253,LARCRT,SkipFare,SkipFare,D14,814,07/05/2013 02:00:00 PM,Unarmed,No,No,Day,2013,7,Friday,Part Two,757197.80705635,2955728.05107169,CAMBRIDGE ST,,"(42.35806134, -71.12619954)"
130437928,ABIP  ,SkipFare,SkipFare,B2,320,07/15/2013 04:48:00 PM,Unarmed,No,No,First,2013,7,Monday,Part Two,768968.03745286,2938845.27414177,WARREN ST,,"(42.31158461, -71.08295747)"
130439193,IVPER ,SkipFare,SkipFare,B2,593,07/16/2013 04:57:00 AM,Unarmed,No,No,Last,2013,7,Tuesday,Part Two,761778.97965252,2948088.32455327,FRANCIS ST,,"(42.33704135, -71.10937955)"
130481274,LARCRT,SkipFare,SkipFare,D14,811,07/18/2013 08:40:00 AM,Unarmed,No,No,Day,2013,7,Thursday,Part Two,754958.14618136,2957626.67063402,WESTERN AV,,"(42.36329784, -71.13445575)"
130461823,LARCRT,SkipFare,SkipFare,A1,64,07/24/2013 02:50:00 PM,Unarmed,No,No,Day,2013,7,Wednesday,Part Two,772812.37425236,2957292.28252327,PARKMAN ST,,"(42.36215134, -71.06839956)"
130463765,LARCRT,SkipFare,SkipFare,B3,463,07/26/2013 01:26:00 AM,Unarmed,No,No,Last,2013,7,Friday,Part Two,767755.29447153,2933896.59637511,AMERICAN LEGION HY,,"(42.29802136, -71.08752955)"
130473060,LARCIP,SkipFare,SkipFare,C6,234,07/30/2013 12:10:00 AM,Unarmed,No,No,Last,2013,7,Tuesday,Part Two,781763.46888294,2946160.46456385,E 8TH ST,,"(42.33147635, -71.03550457)"
130477100,MISC  ,SkipFare,SkipFare,C6,186,07/30/2013 08:00:00 PM,Unarmed,No,No,First,2013,7,Tuesday,Part Two,774104.13282369,2943918.60389011,ALLSTATE RD,,"(42.32543556, -71.06387302)"
130479284,LARCRT,SkipFare,SkipFare,D4,155,08/01/2013 12:32:00 PM,Unarmed,No,No,Day,2013,8,Thursday,Part Two,769675.89856994,2949884.20219511,COLUMBUS AV,,"(42.34186635, -71.08013956)"
130485603,IVPER ,SkipFare,SkipFare,D14,778,08/03/2013 06:15:00 PM,Unarmed,No,No,First,2013,8,Saturday,Part Two,751157.61408427,2952603.02451335,CAMBRIDGE ST,,"(42.34955663, -71.14859474)"
130496423,IVPER ,SkipFare,SkipFare,C11,360,08/07/2013 09:56:00 PM,Unarmed,No,No,First,2013,8,Wednesday,Part Two,774133.98643852,2929795.75746393,DORCHESTER AV,,"(42.28668136, -71.06402956)"
130502748,LARCIP,SkipFare,SkipFare,E13,510,08/11/2013 03:39:00 AM,Other,No,No,Last,2013,8,Sunday,Part Two,760398.294315,2934714.943238,WASHINGTON ST,ASTICOU RD,"(42.30036136, -71.11470955)"
130504283,LARCIP,SkipFare,SkipFare,C6,914,08/11/2013 08:50:00 PM,Unarmed,No,No,First,2013,8,Sunday,Part Two,777148.18513453,2945047.97859985,OLD COLONY AV,,"(42.32849135, -71.05259456)"
130512001,LARCIP,SkipFare,SkipFare,D4,128,08/15/2013 12:19:00 AM,Unarmed,No,No,Last,2013,8,Thursday,Part Two,771376.55199277,2951753.0390086,COLUMBUS AV,,"(42.34697135, -71.07381456)"
130513316,LARCIP,SkipFare,SkipFare,B3,476,08/15/2013 03:54:00 PM,Unarmed,No,No,Day,2013,8,Thursday,Part Two,766128.34004826,2924626.97449444,BLUE HILL AV,,"(42.27260633, -71.09370646)"
130521880,IVPER ,SkipFare,SkipFare,D4,273,08/19/2013 02:36:00 AM,Unarmed,No,No,Last,2013,8,Monday,Part Two,770039.631597,2947398.780068,WASHINGTON ST,E LENOX ST,"(42.33504135, -71.07883956)"
130525274,LARCRT,SkipFare,SkipFare,D14,796,08/20/2013 02:48:00 PM,Unarmed,No,No,Day,2013,8,Tuesday,Part Two,755949.21834619,2953825.76944318,BRIGHTON AV,HARVARD AV,"(42.35285635, -71.13084954)"
130528535,LARCRT,SkipFare,SkipFare,D4,164,08/21/2013 04:00:00 PM,Unarmed,No,No,First,2013,8,Wednesday,Part Two,773238.44196978,2950293.77289827,WASHINGTON ST,,"(42.34294135, -71.06695456)"
130533212,LARCIP,SkipFare,SkipFare,C11,403,08/23/2013 07:15:00 PM,Unarmed,No,No,First,2013,8,Friday,Part Two,772612.3342981,2927031.17014535,WASHINGTON ST,,"(42.27911636, -71.06970456)"
130535965,LARCIP,SkipFare,SkipFare,D14,803,08/24/2013 10:25:00 PM,Unarmed,No,No,First,2013,8,Saturday,Part Two,754592.7404161,2954526.71587594,EMERY RD,,"(42.35479577, -71.13585676)"
130538232,LARCIP,SkipFare,SkipFare,B3,429,08/25/2013 11:23:00 PM,Unarmed,No,No,First,2013,8,Sunday,Part Two,768038.11969327,2928046.49094935,NORFOLK ST,,"(42.28196454, -71.08658896)"
130540354,LARCIP,SkipFare,SkipFare,A1,173,08/26/2013 08:01:00 PM,Unarmed,No,No,First,2013,8,Monday,Part Two,775782.24429686,2952936.17673419,SOUTH STREET,,"(42.35015634, -71.05749456)"
130542334,LARCRT,SkipFare,SkipFare,A7,15,08/27/2013 05:37:00 PM,Unarmed,No,No,First,2013,8,Tuesday,Part Two,787291.44175085,2967670.68597902,MCCLELLAN HY,,"(42.39041615, -71.01460817)"
130592963,LARCRT,SkipFare,SkipFare,D14,811,08/28/2013 12:40:00 PM,Unarmed,No,No,Day,2013,8,Wednesday,Part Two,750338.0816026,2952399.12498677,WASHINGTON ST,,"(42.34900635, -71.15162953)"
130547915,INVEST,SkipFare,SkipFare,A1,99,08/30/2013 01:45:00 AM,Unarmed,No,No,Last,2013,8,Friday,Part Two,776076.58360318,2956113.70285943,STATE ST,,"(42.35887134, -71.05634456)"
130570252,IVPER ,SkipFare,SkipFare,E5,687,09/08/2013 03:05:00 AM,Unarmed,No,No,Last,2013,9,Sunday,Part Two,752490.96476402,2929462.05373502,BELGRADE AV,,"(42.28604136, -71.14401954)"
130590114,LARCRT,SkipFare,SkipFare,D4,139,09/10/2013 08:41:00 PM,Unarmed,No,No,First,2013,9,Tuesday,Part Two,767236.546679,2952847.872603,MARLBOROUGH ST,MASSACHUSETTS AV,"(42.35003135, -71.08910956)"
130584755,LARCIP,SkipFare,SkipFare,E5,564,09/14/2013 03:17:00 AM,Unarmed,No,No,Last,2013,9,Saturday,Part Two,758817.40289852,2932200.62601377,WASHINGTON ST,,"(42.29348136, -71.12059454)"
130587008,LARCIP,SkipFare,SkipFare,D14,794,09/14/2013 10:00:00 PM,Unarmed,No,No,First,2013,9,Saturday,Part Two,755690.91505701,2953862.91733476,BRIGHTON AV,,"(42.35296135, -71.13180454)"
130597169,IVPER ,SkipFare,SkipFare,D14,784,09/19/2013 10:02:00 AM,Unarmed,No,No,Day,2013,9,Thursday,Part Two,752824.33155135,2952548.84319127,WARREN AV,,"(42.34938895, -71.14242987)"
130599927,DISTRB,SkipFare,SkipFare,A1,66,09/20/2013 11:50:00 AM,Unarmed,No,No,Day,2013,9,Friday,Part Two,772740.164824,2956606.790158,GROVE ST,PHILLIPS ST,"(42.36027135, -71.06867957)"
130600170,LARCIP,SkipFare,SkipFare,C6,191,09/20/2013 01:48:00 PM,Unarmed,No,No,Day,2013,9,Friday,Part Two,775966.33644835,2945336.99541026,DORCHESTER AV,,"(42.32930135, -71.05695956)"
130664924,LARCRT,SkipFare,SkipFare,E5,709,09/24/2013 02:00:00 PM,Unarmed,No,No,Day,2013,9,Tuesday,Part Two,748917.43647801,2927330.72696094,LAGRANGE ST,,"(42.28023301, -71.15725754)"
130614965,INVEST,SkipFare,SkipFare,B2,304,09/26/2013 05:50:00 PM,Unarmed,No,No,First,2013,9,Thursday,Part Two,764957.86109001,2942595.53895093,SLAYTON WY,,"(42.32192837, -71.09771804)"
130618527,LARCIP,SkipFare,SkipFare,C6,177,09/28/2013 03:50:00 AM,Unarmed,No,No,Last,2013,9,Saturday,Part Two,773244.95770476,2944483.01745944,MASSACHUSETTS AV,,"(42.32699635, -71.06703956)"
140028988,IVPER ,SkipFare,SkipFare,D14,816,09/28/2013 07:00:00 AM,Unarmed,No,No,Last,2013,9,Saturday,Part Two,755958.65730369,2955524.79721311,MANSFIELD ST,,"(42.35751842, -71.13078741)"
130634000,LARCRT,SkipFare,SkipFare,D4,137,10/04/2013 08:00:00 PM,Unarmed,No,No,First,2013,10,Friday,Part Two,768850.06557594,2952629.75838377,NEWBURY ST,,"(42.34941135, -71.08314456)"
130637119,IVPER ,SkipFare,SkipFare,B3,465,10/06/2013 02:45:00 AM,Unarmed,No,No,Last,2013,10,Sunday,Part Two,766751.59109835,2929095.95538585,BLUE HILL AV,,"(42.28486136, -71.09132455)"
130647939,LARCIP,SkipFare,SkipFare,B3,476,10/10/2013 07:38:00 PM,Unarmed,No,No,First,2013,10,Thursday,Part Two,766115.13502219,2923530.01179336,BLUE HILL AV,,"(42.26959636, -71.09377455)"
130658779,ABRPT ,SkipFare,SkipFare,B2,328,10/15/2013 07:43:00 PM,Unarmed,No,No,First,2013,10,Tuesday,Part Two,771439.87896585,2937996.26173219,COLUMBIA RD,,"(42.30922135, -71.07383456)"
130659969,IVMV  ,SkipFare,SkipFare,C11,393,10/16/2013 09:06:00 AM,Unarmed,No,No,Day,2013,10,Wednesday,Part Two,775395.21324677,2930395.61289152,WRENTHAM ST,,"(42.28830961, -71.05935709)"
130667477,LARCIP,SkipFare,SkipFare,A7,26,10/19/2013 03:25:00 PM,Unarmed,No,No,Day,2013,10,Saturday,Part Two,780698.41983194,2962364.4961321,MERIDIAN ST,,"(42.37595634, -71.03911957)"
130682093,LARCIP,SkipFare,SkipFare,B3,447,10/26/2013 03:55:00 AM,Unarmed,No,No,Last,2013,10,Saturday,Part Two,770707.49460385,2932959.91484952,SPENCER ST,,"(42.29541135, -71.07663456)"
130688729,IVPER ,SkipFare,SkipFare,B3,441,10/29/2013 09:40:00 AM,Unarmed,No,No,Day,2013,10,Tuesday,Part Two,769032.76731027,2933237.73647235,HARVARD ST,,"(42.29619636, -71.08281956)"
130708211,LARCIP,SkipFare,SkipFare,B3,417,11/07/2013 01:11:00 AM,Unarmed,No,No,Last,2013,11,Thursday,Part Two,771581.0666756,2927901.48992702,FULLER ST,,"(42.28151878, -71.0734992)"
130710130,LARCIP,SkipFare,SkipFare,A1,114,11/07/2013 09:19:00 PM,Unarmed,No,No,First,2013,11,Thursday,Part Two,777194.10827101,2954455.0021086,ATLANTIC AV,,"(42.35430381, -71.05224212)"
130711382,LARCIP,SkipFare,SkipFare,B3,444,11/08/2013 01:12:00 PM,Unarmed,No,No,Day,2013,11,Friday,Part Two,768807.28514969,2933526.47539619,ESMOND ST,,"(42.2969917, -71.08364777)"
130713262,LARCRT,SkipFare,SkipFare,A1,91,11/09/2013 10:00:00 AM,Unarmed,No,No,Day,2013,11,Saturday,Part Two,776943.36992736,2957043.87783635,COMMERCIAL ST,,"(42.36141134, -71.05311956)"
130715086,IVPER ,SkipFare,SkipFare,C6,231,11/10/2013 01:47:00 AM,Unarmed,No,No,Last,2013,11,Sunday,Part Two,782824.02581694,2946791.2575936,E 6TH ST,,"(42.33319135, -71.03156957)"
130719582,LARCRT,SkipFare,SkipFare,A1,72,11/12/2013 03:23:00 PM,Unarmed,No,No,Day,2013,11,Tuesday,Part Two,774518.40561719,2954534.96290669,WEST ST,,"(42.35456134, -71.06213956)"
130720543,IVPER ,SkipFare,SkipFare,C11,365,11/13/2013 12:55:00 AM,Unarmed,No,No,Last,2013,11,Wednesday,Part Two,775634.14748019,2931414.22896452,LONSDALE ST,,"(42.29110136, -71.05845457)"
130722913,IVPER ,SkipFare,SkipFare,B2,331,11/14/2013 02:23:00 AM,Unarmed,No,No,Last,2013,11,Thursday,Part Two,772325.91853235,2939056.35311593,DRAYTON AV,,"(42.3121181, -71.07053919)"
130727344,LARCIP,SkipFare,SkipFare,D14,779,11/16/2013 12:50:00 AM,Other,No,No,Last,2013,11,Saturday,Part Two,750950.15058843,2953438.43261944,MAPLETON ST,,"(42.35185136, -71.14934951)"
130733513,LARCIP,SkipFare,SkipFare,B3,466,11/19/2013 03:11:00 AM,Unarmed,No,No,Last,2013,11,Tuesday,Part Two,766122.84432436,2929780.18170768,MORTON ST,,"(42.28674716, -71.09363606)"
130735527,LARCIP,SkipFare,SkipFare,A1,72,11/20/2013 12:24:00 AM,Unarmed,No,No,Last,2013,11,Wednesday,Part Two,774518.40561719,2954534.96290669,WEST ST,,"(42.35456134, -71.06213956)"
130740068,LARCIP,SkipFare,SkipFare,B3,447,11/22/2013 12:44:00 AM,Unarmed,No,No,Last,2013,11,Friday,Part Two,770707.49460385,2932959.91484952,SPENCER ST,,"(42.29541135, -71.07663456)"
130744447,INVEST,SkipFare,SkipFare,D14,801,11/24/2013 01:30:00 AM,Unarmed,No,No,Last,2013,11,Sunday,Part Two,756137.315062,2954083.504096,GARDNER ST,LINDEN ST,"(42.35356135, -71.13014954)"
130755538,LARCIP,SkipFare,SkipFare,D4,620,11/29/2013 01:00:00 AM,Unarmed,No,No,Last,2013,11,Friday,Part Two,767769.05166186,2951456.50876176,MASSACHUSETTS AV,,"(42.34620635, -71.08716455)"
130755616,INVEST,SkipFare,SkipFare,D14,778,11/29/2013 02:00:00 AM,Unarmed,No,No,Last,2013,11,Friday,Part Two,750531.39650468,2952390.80479343,WASHINGTON ST,,"(42.34898135, -71.15091453)"
130797641,LARCRT,SkipFare,SkipFare,D14,811,12/04/2013 12:00:00 PM,Unarmed,No,No,Day,2013,12,Wednesday,Part Two,754958.14618136,2957626.67063402,WESTERN AV,,"(42.36329784, -71.13445575)"
140027407,LARCRT,SkipFare,SkipFare,D14,811,12/04/2013 02:00:00 PM,Unarmed,No,No,Day,2013,12,Wednesday,Part Two,747356.91269619,2953642.59067568,FANEUIL ST,,"(42.35245135, -71.16263953)"
130772579,LARCRT,SkipFare,SkipFare,C6,186,12/07/2013 06:40:00 PM,Unarmed,No,No,First,2013,12,Saturday,Part Two,774104.13282369,2943918.60389011,ALLSTATE RD,,"(42.32543556, -71.06387302)"
130774396,LARCIP,SkipFare,SkipFare,B2,324,12/08/2013 04:48:00 PM,Unarmed,No,No,First,2013,12,Sunday,Part Two,770606.44788993,2941330.2468621,BROOKFORD ST,,"(42.31838135, -71.07685456)"
130774414,LARCIP,SkipFare,SkipFare,A1,67,12/08/2013 04:57:00 PM,Unarmed,No,No,First,2013,12,Sunday,Part Two,773127.75321477,2956923.98503152,CAMBRIDGE ST,,"(42.36113634, -71.06723956)"
130774693,ARREST,SkipFare,SkipFare,A1,93,12/08/2013 07:44:00 PM,Unarmed,No,No,First,2013,12,Sunday,Part Two,775888.4064861,2956958.20051427,UNION ST,,"(42.36119134, -71.05702456)"
130785260,LARCRT,SkipFare,SkipFare,A1,114,12/13/2013 12:29:00 PM,Unarmed,No,No,Day,2013,12,Friday,Part Two,777194.10827101,2954455.0021086,ATLANTIC AV,,"(42.35430381, -71.05224212)"
130788916,DISTRB,SkipFare,SkipFare,E13,576,12/15/2013 01:00:00 PM,Unarmed,No,No,Day,2013,12,Sunday,Part Two,763562.986065,2940057.335953,BISMARCK ST,PORTER ST,"(42.31498136, -71.10291955)"
140109236,LARCRT,SkipFare,SkipFare,D14,791,12/16/2013 12:00:00 PM,Unarmed,No,No,Day,2013,12,Monday,Part Two,753435.45926611,2949959.39397386,WASHINGTON ST,,"(42.34227635, -71.14020954)"
130792046,LARCIP,SkipFare,SkipFare,D14,758,12/17/2013 01:00:00 AM,Unarmed,No,No,Last,2013,12,Tuesday,Part Two,746657.13259969,2953155.00405243,BRACKETT ST,,"(42.35112096, -71.16523543)"
130793177,LARCRT,SkipFare,SkipFare,A15,50,12/17/2013 02:25:00 PM,Other,No,No,Day,2013,12,Tuesday,Part Two,769604.84228161,2964594.02415335,CAMBRIDGE ST,,"(42.38223134, -71.08013455)"
130807667,IVPER ,SkipFare,SkipFare,A1,93,12/24/2013 04:03:00 AM,Unarmed,No,No,Last,2013,12,Tuesday,Part Two,776391.784161,2957088.369749,NORTH ST,SURFACE RD,"(42.36154135, -71.05515957)"
130815762,LARCIP,SkipFare,SkipFare,A1,103,12/28/2013 10:13:00 PM,Unarmed,No,No,First,2013,12,Saturday,Part Two,775062.22145868,2955745.8420466,SCHOOL ST,,"(42.35787634, -71.06010456)"
130817701,LARCRT,SkipFare,SkipFare,D14,778,12/30/2013 02:04:00 AM,Unarmed,No,No,Last,2013,12,Monday,Part Two,754433.50910727,2952431.17872843,GLENVILLE AV,,"(42.34904741, -71.1364789)"
140026970,IVPER ,SkipFare,SkipFare,B2,612,01/06/2014 08:00:00 AM,Unarmed,No,No,Day,2014,1,Monday,Part Two,762206.2940866,2947728.9702851,FRANCIS ST,,"(42.33604989, -71.1078052)"
140035453,UNK   ,SkipFare,SkipFare,C6,229,01/08/2014 02:50:00 AM,Unarmed,No,No,Last,2014,1,Wednesday,Part Two,780091.07951119,2946406.51689327,E 7TH ST,,"(42.33217635, -71.04168457)"
140019051,MVANO ,SkipFare,SkipFare,D4,273,01/10/2014 12:45:00 PM,Other,No,No,Day,2014,1,Friday,Part Two,769118.6227816,2948574.9941836,TREMONT ST,,"(42.33828135, -71.08222455)"
140038753,LARCIP,SkipFare,SkipFare,B2,280,01/19/2014 09:15:00 PM,Unarmed,No,No,First,2014,1,Sunday,Part Two,768774.79538527,2945069.35191668,DUDLEY ST,,"(42.32866635, -71.08355955)"
140039239,IVPER ,SkipFare,SkipFare,C11,347,01/20/2014 05:30:00 AM,Unarmed,No,No,Last,2014,1,Monday,Part Two,775131.07368318,2936975.95865469,LYON ST,,"(42.30637017, -71.06020789)"
140043504,LARCIP,SkipFare,SkipFare,D4,624,01/22/2014 10:15:00 AM,Unarmed,No,No,Day,2014,1,Wednesday,Part Two,765271.05600169,2950973.56222111,BOYLSTON ST,,"(42.34491393, -71.09641336)"
140051877,LARCIP,SkipFare,SkipFare,C6,229,01/25/2014 02:39:00 AM,Unarmed,No,No,Last,2014,1,Saturday,Part Two,780139.62272119,2946933.3754196,H ST,,"(42.33362135, -71.04149457)"
140055040,LARCRT,SkipFare,SkipFare,A15,900,01/27/2014 04:47:00 PM,Unarmed,No,No,First,2014,1,Monday,Part Two,775657.52801086,2963174.17823976,MCNULTY CT,,"(42.37825134, -71.05775956)"
140128586,LARCIP,SkipFare,SkipFare,B2,301,02/02/2014 06:21:00 AM,Unarmed,No,No,Last,2014,2,Sunday,Part Two,765504.72121676,2943244.24434644,MARCELLA ST,,"(42.32370135, -71.09568455)"
140068494,IVPER ,SkipFare,SkipFare,B2,0,02/02/2014 07:15:00 PM,Unarmed,No,No,First,2014,2,Sunday,Part Two,768098.19293,2945188.140335,DUDLEY ST,SHAWMUT AV,"(42.32900135, -71.08605956)"
140074079,IVMV  ,SkipFare,SkipFare,B3,441,02/05/2014 09:30:00 AM,Unarmed,No,No,Day,2014,2,Wednesday,Part Two,768011.67945744,2932613.0221706,TALBOT AV,,"(42.29449575, -71.08660488)"
140077646,IVPER,SkipFare,SkipFare,A1,72,02/06/2014 11:00:00 PM,Unarmed,No,No,First,2014,2,Thursday,Part Two,,,UNION ST,,"(0E-8, 0E-8)"
140082626,IVPER ,SkipFare,SkipFare,D4,765,02/09/2014 08:18:00 AM,Unarmed,No,No,Day,2014,2,Sunday,Part Two,770406.58247602,2948096.65130827,MASSACHUSETTS AV,WASHINGTON ST,"(42.33695135, -71.07746962)"
140088341,THREAT,SkipFare,SkipFare,A1,111,02/11/2014 10:30:00 PM,Unarmed,No,No,First,2014,2,Tuesday,Part Two,773924.72898303,2953989.26583536,TREMONT ST,,"(42.35307228, -71.06434623)"
140099808,LARCRT,SkipFare,SkipFare,D4,167,02/17/2014 12:30:00 PM,Unarmed,No,No,Day,2014,2,Monday,Part Two,769006.84478993,2952355.3803236,BOYLSTON ST,,"(42.34865634, -71.08256955)"
140101656,DISTRB,SkipFare,SkipFare,E18,522,02/18/2014 10:09:00 AM,Unarmed,No,No,Day,2014,2,Tuesday,Part Two,757781.44204394,2917561.93809961,HYDE PARK AV,,"(42.25332425, -71.12466158)"
140105510,LARCIP,SkipFare,SkipFare,D14,133,02/19/2014 11:28:00 PM,Unarmed,No,No,First,2014,2,Wednesday,Part Two,750120.39470203,2953413.16495344,ARLINGTON ST,,"(42.35179135, -71.15241953)"
140108902,LARCIP,SkipFare,SkipFare,B3,439,02/21/2014 03:00:00 PM,Unarmed,No,No,Day,2014,2,Friday,Part Two,767251.1993511,2930989.70947236,BLUE HILL AV,,"(42.29005136, -71.08944455)"
140114432,LARCRT,SkipFare,SkipFare,B3,444,02/23/2014 11:45:00 PM,Unarmed,No,No,First,2014,2,Sunday,Part Two,768371.2601031,2933673.9294976,WALES ST,,"(42.29740215, -71.08525677)"
140118366,IVPER ,SkipFare,SkipFare,D4,172,02/24/2014 12:00:00 PM,Unarmed,No,No,Day,2014,2,Monday,Part Two,772783.21256527,2948093.96955511,ALBANY ST,,"(42.33691135, -71.06867956)"
140132936,LARCIP,SkipFare,SkipFare,B3,447,03/04/2014 11:05:00 AM,Unarmed,No,No,Day,2014,3,Tuesday,Part Two,770707.49460385,2932959.91484952,SPENCER ST,,"(42.29541135, -71.07663456)"
140148919,IVPER ,SkipFare,SkipFare,B2,325,03/11/2014 10:21:00 AM,Unarmed,No,No,Day,2014,3,Tuesday,Part Two,770418.56342318,2940494.78199761,WOODCLIFF ST,,"(42.31609135, -71.07756456)"
140155323,IVPER ,SkipFare,SkipFare,A1,73,03/13/2014 11:03:00 PM,Unarmed,No,No,First,2014,3,Thursday,Part Two,774938.9910621,2955794.40461352,BEACON ST,,"(42.35801134, -71.06055956)"
140158645,LARCIP,SkipFare,SkipFare,D14,780,03/15/2014 12:32:00 PM,Unarmed,No,No,Day,2014,3,Saturday,Part Two,751279.25065203,2954912.06713936,N BEACON ST,,"(42.35589135, -71.14810953)"
140168343,IVPER ,SkipFare,SkipFare,D4,172,03/19/2014 12:00:00 PM,Unarmed,No,No,Day,2014,3,Wednesday,Part Two,772783.21256527,2948093.96955511,ALBANY ST,,"(42.33691135, -71.06867956)"
140168675,LARCIP,SkipFare,SkipFare,D4,149,03/19/2014 10:34:00 PM,Unarmed,No,No,First,2014,3,Wednesday,Part Two,770851.04943485,2951693.93249951,DARTMOUTH ST,,"(42.34681634, -71.07575956)"
140172070,LARCIP,SkipFare,SkipFare,B3,465,03/21/2014 01:34:00 PM,Unarmed,No,No,Day,2014,3,Friday,Part Two,766807.36723353,2929314.87653594,BLUE HILL AV,,"(42.28546136, -71.09111455)"
140173492,MVPED1,SkipFare,SkipFare,D4,624,03/22/2014 12:45:00 AM,Unarmed,No,No,Last,2014,3,Saturday,Part Two,765885.76605835,2951866.03254902,IPSWICH ST,,"(42.34735489, -71.09412382)"
140173608,IVPER ,SkipFare,SkipFare,C11,395,03/22/2014 02:00:00 AM,Unarmed,No,No,Last,2014,3,Saturday,Part Two,773959.23186677,2928944.02819628,DORCHESTER AV,,"(42.28434661, -71.06469145)"
140173754,UNK   ,SkipFare,SkipFare,B2,280,03/22/2014 04:30:00 AM,Unarmed,No,No,Last,2014,3,Saturday,Part Two,768774.79538527,2945069.35191668,DUDLEY ST,,"(42.32866635, -71.08355955)"
140181029,LARCRT,SkipFare,SkipFare,A1,125,03/25/2014 04:30:00 PM,Unarmed,No,No,First,2014,3,Tuesday,Part Two,772918.84713652,2953078.20433727,STUART ST,,"(42.35058635, -71.06808456)"
140184117,IVPER ,SkipFare,SkipFare,A1,114,03/26/2014 11:37:00 PM,Unarmed,No,No,First,2014,3,Wednesday,Part Two,776084.00386394,2953178.44068535,ATLANTIC AV,,"(42.35081682, -71.05637359)"
140189147,LARCIP,SkipFare,SkipFare,A1,115,03/29/2014 07:18:00 AM,Unarmed,No,No,Last,2014,3,Saturday,Part Two,775731.77359727,2952764.6334421,KNEELAND ST,,"(42.34968634, -71.05768456)"
140194029,LARCIP,SkipFare,SkipFare,E13,647,03/31/2014 04:37:00 PM,Unarmed,No,No,First,2014,3,Monday,Part Two,761578.92034135,2937862.07925777,JOHN A ANDREW ST,,"(42.30898256, -71.11029229)"
140199484,LARCRT,SkipFare,SkipFare,C6,256,04/02/2014 09:24:00 PM,Unarmed,No,No,First,2014,4,Wednesday,Part Two,777898.41591753,2941827.52211428,MORRISSEY BL,,"(42.31964346, -71.04988301)"
140204498,INVEST,SkipFare,SkipFare,C11,253,04/04/2014 11:26:00 PM,Other,No,No,First,2014,4,Friday,Part Two,776351.60175393,2936259.27209593,FREEPORT ST,,"(42.30438619, -71.05570967)"
140206877,IVPER ,SkipFare,SkipFare,B2,282,04/06/2014 02:30:00 AM,Unarmed,No,No,Last,2014,4,Sunday,Part Two,768218.08094751,2945064.25547019,WASHINGTON ST,,"(42.3286598, -71.08561842)"
140208620,LARCIP,SkipFare,SkipFare,B2,911,04/06/2014 11:09:00 PM,Unarmed,No,No,First,2014,4,Sunday,Part Two,766266.99364236,2947557.93420985,ANNUNCIATION RD,,"(42.33552834, -71.09278967)"
140210087,REMOVE,SkipFare,SkipFare,C6,206,04/07/2014 04:28:00 PM,Unarmed,No,No,First,2014,4,Monday,Part Two,779818.95932053,2953030.35830435,SEAPORT BL,,"(42.35035634, -71.04255957)"
140210553,IVPER ,SkipFare,SkipFare,D4,138,04/07/2014 07:30:00 PM,Unarmed,No,No,First,2014,4,Monday,Part Two,769417.03097744,2952499.51881485,BOYLSTON ST,,"(42.34904635, -71.08104955)"
140225101,LARCIP,SkipFare,SkipFare,E18,493,04/13/2014 11:31:00 PM,Unarmed,No,No,First,2014,4,Sunday,Part Two,760326.01864768,2920234.07776843,RIVER ST,,"(42.26062572, -71.11521818)"
140226954,LARCIP,SkipFare,SkipFare,B2,313,04/14/2014 05:54:00 PM,Unarmed,No,No,First,2014,4,Monday,Part Two,768778.3419661,2939895.10373501,WARREN ST,,"(42.31446794, -71.08363984)"
140235097,LARCIP,SkipFare,SkipFare,B2,612,04/18/2014 02:30:00 AM,Unarmed,No,No,Last,2014,4,Friday,Part Two,763268.30541402,2948182.65540135,LONGWOOD AV,,"(42.33728135, -71.10386955)"
140238909,MISC  ,SkipFare,SkipFare,C6,176,04/18/2014 06:00:00 PM,Unarmed,No,No,First,2014,4,Friday,Part Two,774048.66180603,2945903.51461844,SOUTHAMPTON ST,,"(42.33088301, -71.06404063)"
140237311,IVPER ,SkipFare,SkipFare,D4,624,04/18/2014 10:45:00 PM,Unarmed,No,No,First,2014,4,Friday,Part Two,764671.12150602,2951432.61215602,YAWKEY WY,,"(42.34618135, -71.09862455)"
140247799,LARCIP,SkipFare,SkipFare,A1,93,04/23/2014 08:10:00 AM,Unarmed,No,No,Day,2014,4,Wednesday,Part Two,776076.58360318,2956113.70285943,STATE ST,,"(42.35887134, -71.05634456)"
140246679,LARCIP,SkipFare,SkipFare,E13,641,04/23/2014 11:23:00 AM,Unarmed,No,No,Day,2014,4,Wednesday,Part Two,760545.32857652,2940185.61069994,CENTRE ST,,"(42.31537135, -71.11407455)"
140247673,LARCIP,SkipFare,SkipFare,A7,15,04/23/2014 07:13:00 PM,Unarmed,No,No,First,2014,4,Wednesday,Part Two,787291.44175085,2967670.68597902,MCCLELLAN HY,,"(42.39041615, -71.01460817)"
140273316,LARCRT,SkipFare,SkipFare,D4,144,04/24/2014 12:00:00 PM,Unarmed,No,No,Day,2014,4,Thursday,Part Two,768399.95984885,2951523.34589843,DALTON ST,,"(42.34638135, -71.08482955)"
140250835,LARCIP,SkipFare,SkipFare,B2,612,04/25/2014 02:30:00 AM,Unarmed,No,No,Last,2014,4,Friday,Part Two,763268.30541402,2948182.65540135,LONGWOOD AV,,"(42.33728135, -71.10386955)"
140293141,LARCRT,SkipFare,SkipFare,C6,186,04/25/2014 02:00:00 PM,Unarmed,No,No,Day,2014,4,Friday,Part Two,774817.62647543,2942556.00359693,BOSTON ST,,"(42.3216865, -71.06126052)"
140255225,SUSPER,SkipFare,SkipFare,A1,111,04/27/2014 02:30:00 AM,Unarmed,No,No,Last,2014,4,Sunday,Part Two,774333.04476743,2954047.49964277,AVERY ST,,"(42.35322634, -71.06283456)"
140256974,LARCIP,SkipFare,SkipFare,D14,801,04/27/2014 10:45:00 PM,Unarmed,No,No,First,2014,4,Sunday,Part Two,756054.25652194,2954480.29700552,LINDEN ST,,"(42.35465114, -71.13045046)"
140261542,LARCIP,SkipFare,SkipFare,A7,15,04/29/2014 08:24:00 PM,Unarmed,No,No,First,2014,4,Tuesday,Part Two,787291.44175085,2967670.68597902,MCCLELLAN HY,,"(42.39041615, -71.01460817)"
140271170,IVPER ,SkipFare,SkipFare,B3,437,05/03/2014 06:26:00 PM,Other,No,No,First,2014,5,Saturday,Part Two,769870.62619885,2929564.81698094,NORFOLK ST,,"(42.28610636, -71.07978956)"
140288742,INVEST,SkipFare,SkipFare,A15,41,05/10/2014 04:00:00 AM,Unarmed,No,No,Last,2014,5,Saturday,Part Two,776735.77191735,2963403.91892202,MEDFORD ST,,"(42.37886634, -71.05376456)"
140288148,LARCRT,SkipFare,SkipFare,C11,460,05/10/2014 01:04:00 PM,Unarmed,No,No,Day,2014,5,Saturday,Part Two,769726.94374343,2936491.80411118,WASHINGTON ST,,"(42.30511635, -71.08019456)"
140289243,IVPER ,SkipFare,SkipFare,C6,72,05/10/2014 03:00:00 PM,Unarmed,No,No,Day,2014,5,Saturday,Part Two,777283.87055869,2949075.61227685,BROADWAY,,"(42.33954135, -71.05201456)"
140289487,LARCIP,SkipFare,SkipFare,D14,796,05/10/2014 11:00:00 PM,Other,No,No,First,2014,5,Saturday,Part Two,756060.5504726,2953022.05976452,COMMONWEALTH AV,,"(42.35064962, -71.13045054)"
140340864,MISC  ,SkipFare,SkipFare,D14,768,05/17/2014 10:30:00 AM,Unarmed,No,No,Day,2014,5,Saturday,Part Two,750983.18693968,2954934.5346141,MARKET ST,,"(42.35595635, -71.14920453)"
140307943,LARCRT,SkipFare,SkipFare,D14,796,05/17/2014 10:12:00 PM,Unarmed,No,No,First,2014,5,Saturday,Part Two,755896.198833,2952960.024754,HARVARD AV,COMMONWEALTH AV,"(42.35048135, -71.13105954)"
140314896,LARCIP,SkipFare,SkipFare,E5,822,05/20/2014 10:40:00 AM,Unarmed,No,No,Day,2014,5,Tuesday,Part Two,751440.64337386,2919722.16671877,GEORGETOWNE DR,,"(42.25932629, -71.14804963)"
140374154,LARCRT,SkipFare,SkipFare,D14,811,05/21/2014 12:00:00 AM,Unarmed,No,No,Last,2014,5,Wednesday,Part Two,754958.14618136,2957626.67063402,WESTERN AV,,"(42.36329784, -71.13445575)"
140322729,LARCIP,SkipFare,SkipFare,C6,176,05/23/2014 10:50:00 PM,Unarmed,No,No,First,2014,5,Friday,Part Two,773519.41942618,2945282.50634602,NEWMARKET SQ,,"(42.32918635, -71.06600956)"
140345240,LARCRT,SkipFare,SkipFare,D14,799,05/28/2014 04:30:00 PM,Unarmed,No,No,First,2014,5,Wednesday,Part Two,756714.73518785,2953699.72277927,BRIGHTON AV,,"(42.35250135, -71.12801954)"
140344229,LARCIP,SkipFare,SkipFare,D14,798,06/01/2014 09:17:00 PM,Unarmed,No,No,First,2014,6,Sunday,Part Two,758425.32231785,2953499.52304843,COMMONWEALTH AV,,"(42.35193135, -71.12169454)"
140345995,DK,SkipFare,SkipFare,A1,72,06/02/2014 03:00:00 PM,Unarmed,No,No,Day,2014,6,Monday,Part Two,774712.92425702,2955867.94908585,BEACON ST,,"(42.35821634, -71.06139456)"
140346784,LARCIP,SkipFare,SkipFare,C11,361,06/02/2014 08:27:00 PM,Unarmed,No,No,First,2014,6,Monday,Part Two,774788.46380411,2933022.44031502,DORCHESTER AV,,"(42.29552635, -71.06154956)"
140347382,LARCIP,SkipFare,SkipFare,A1,93,06/03/2014 02:28:00 AM,Unarmed,No,No,Last,2014,6,Tuesday,Part Two,776159.69564169,2956762.81901526,NORTH ST,,"(42.36065134, -71.05602456)"
140348532,LARCRT,SkipFare,SkipFare,D4,143,06/03/2014 02:46:00 PM,Unarmed,No,No,Day,2014,6,Tuesday,Part Two,768289.51781252,2951795.25250685,DALTON ST,,"(42.34712894, -71.0852332)"
140355565,LARCRT,SkipFare,SkipFare,A7,15,06/04/2014 01:00:00 AM,Unarmed,No,No,Last,2014,6,Wednesday,Part Two,787291.44175085,2967670.68597902,MCCLELLAN HY,,"(42.39041615, -71.01460817)"
140354230,LARCIP,SkipFare,SkipFare,A1,64,06/05/2014 06:00:00 PM,Unarmed,No,No,First,2014,6,Thursday,Part Two,773222.6795341,2957124.90293677,BLOSSOM ST,,"(42.36168634, -71.06688456)"
140355743,LARCIP,SkipFare,SkipFare,E18,523,06/06/2014 10:42:00 AM,Other,No,No,Day,2014,6,Friday,Part Two,756254.43164652,2913651.1132441,HYDE PARK AV,,"(42.24261089, -71.13036448)"
140362159,LARCIP,SkipFare,SkipFare,C11,340,06/08/2014 08:30:00 PM,Unarmed,No,No,First,2014,6,Sunday,Part Two,773795.88212785,2936934.92199135,MT IDA RD,,"(42.30627635, -71.06514456)"
140367316,LARCRT,SkipFare,SkipFare,E13,577,06/10/2014 06:18:00 PM,Unarmed,No,No,First,2014,6,Tuesday,Part Two,764562.57677561,2940012.81380144,WASHINGTON ST,,"(42.31484635, -71.09922455)"
140370732,IVPER,SkipFare,SkipFare,A1,100,06/12/2014 02:11:00 AM,Unarmed,No,No,Last,2014,6,Thursday,Part Two,776728.365662,2955778.182408,BROAD ST,MILK ST,"(42.35794135, -71.05393957)"
142003973,LARCEN,SkipFare,SkipFare,C11,0,06/28/2014 10:25:00 PM,Unarmed,No,No,First,2014,6,Saturday,Part Two,776736.90642952,2927236.38003677,GRANITE AV,,"(42.27962136, -71.05445956)"
142007459,IVPER,SkipFare,SkipFare,B2,0,07/09/2014 06:10:00 AM,Unarmed,No,No,Last,2014,7,Wednesday,Part Two,771059.13136777,2943995.35111193,DUDLEY ST,,"(42.32568833, -71.07513169)"
142007761,LARCEN,SkipFare,SkipFare,A1,0,07/10/2014 02:10:00 AM,Unarmed,No,No,Last,2014,7,Thursday,Part Two,773863.001272,2953726.219541,TREMONT ST,BOYLSTON ST,"(42.35235135, -71.06457956)"
142008087,PKNIFE,SkipFare,SkipFare,B2,0,07/11/2014 02:20:00 AM,Knife,No,No,Last,2014,7,Friday,Part Two,763957.20659527,2945575.73902728,HILLSIDE ST,,"(42.33011906, -71.10136665)"
142009379,LARCEN,SkipFare,SkipFare,D4,0,07/11/2014 10:25:00 AM,Unarmed,No,No,Day,2014,7,Friday,Part Two,770693.25873994,2952983.2235561,BOYLSTON ST,,"(42.35035635, -71.07631956)"
142008304,LARCEN,SkipFare,SkipFare,A7,0,07/11/2014 07:16:00 PM,Unarmed,No,No,First,2014,7,Friday,Part Two,787291.44175085,2967670.68597902,MCCLELLAN HY,,"(42.39041615, -71.01460817)"
142011687,ADMRPT,SkipFare,SkipFare,B2,0,07/11/2014 11:15:00 PM,Unarmed,No,No,First,2014,7,Friday,Part Two,762206.2940866,2947728.9702851,FRANCIS ST,,"(42.33604989, -71.1078052)"
142008567,LARCEN,SkipFare,SkipFare,D4,0,07/12/2014 07:20:00 PM,Unarmed,No,No,First,2014,7,Saturday,Part Two,767902.92705027,2952280.76498727,NEWBURY ST,,"(42.34846635, -71.08665456)"
142016673,LARCEN,SkipFare,SkipFare,D14,0,07/14/2014 12:01:00 AM,Unarmed,No,No,Last,2014,7,Monday,Part Two,754958.14618136,2957626.67063402,WESTERN AV,,"(42.36329784, -71.13445575)"
142016674,LARCEN,SkipFare,SkipFare,D14,0,07/14/2014 12:01:00 AM,Unarmed,No,No,Last,2014,7,Monday,Part Two,754958.14618136,2957626.67063402,WESTERN AV,,"(42.36329784, -71.13445575)"
142009918,ARREST,SkipFare,SkipFare,B2,0,07/17/2014 01:29:00 AM,Unarmed,No,No,Last,2014,7,Thursday,Part Two,763024.869325,2947037.226937,HUNTINGTON AV,CALUMET ST,"(42.33414135, -71.10478955)"
142010604,LARCEN,SkipFare,SkipFare,C6,0,07/19/2014 03:09:00 AM,Unarmed,No,No,Last,2014,7,Saturday,Part Two,780017.88280719,2941154.74032335,MT VERNON ST,,"(42.31776637, -71.04205955)"
142011930,LARCEN,SkipFare,SkipFare,A1,0,07/23/2014 12:10:00 AM,Unarmed,No,No,Last,2014,7,Wednesday,Part Two,774333.04476743,2954047.49964277,AVERY ST,,"(42.35322634, -71.06283456)"
142013602,LARCEN,SkipFare,SkipFare,E18,0,07/28/2014 01:36:00 AM,Unarmed,No,No,Last,2014,7,Monday,Part Two,758093.25834944,2919418.97966111,HYDE PARK AV,,"(42.25841636, -71.12347955)"
142014589,ARREST,SkipFare,SkipFare,A1,0,07/30/2014 08:34:00 PM,Unarmed,No,No,First,2014,7,Wednesday,Part Two,776398.86084577,2955213.41955502,PEARL ST,,"(42.35639634, -71.05516956)"
142014734,LARCEN,SkipFare,SkipFare,E5,0,07/31/2014 09:19:00 AM,Unarmed,No,No,Day,2014,7,Thursday,Part Two,747525.58525911,2932202.35862185,VFW PY,,"(42.29361636, -71.16232953)"
142015099,LARCEN,SkipFare,SkipFare,C6,0,08/01/2014 10:40:00 AM,Unarmed,No,No,Day,2014,8,Friday,Part Two,777703.740613,2952769.477032,MELCHER ST,NECCO ST,"(42.34967135, -71.05038957)"
142017883,LARCEN,SkipFare,SkipFare,D4,0,08/10/2014 03:10:00 AM,Unarmed,No,No,Last,2014,8,Sunday,Part Two,766801.96730993,2949758.78249843,HEMENWAY ST,,"(42.34156052, -71.09077203)"
142017939,LARCEN,SkipFare,SkipFare,C6,0,08/10/2014 11:20:00 AM,Unarmed,No,No,Day,2014,8,Sunday,Part Two,777407.22333036,2946182.70664535,BURKE ST,,"(42.33160135, -71.05161456)"
142019093,LARCEN,SkipFare,SkipFare,D4,0,08/13/2014 09:13:00 PM,Unarmed,No,No,First,2014,8,Wednesday,Part Two,763490.14420919,2950477.75284527,PARK DR,,"(42.34357635, -71.10300955)"
142032828,LARCEN,SkipFare,SkipFare,D14,0,08/14/2014 02:30:00 AM,Unarmed,No,No,Last,2014,8,Thursday,Part Two,750338.0816026,2952399.12498677,WASHINGTON ST,,"(42.34900635, -71.15162953)"
142019124,IVPER,SkipFare,SkipFare,A7,0,08/14/2014 12:39:00 PM,Unarmed,No,No,Day,2014,8,Thursday,Part Two,784007.969897,2963918.694101,SARATOGA ST,CHELSEA ST,"(42.38017134, -71.02683958)"
142019347,LARCEN,SkipFare,SkipFare,B2,0,08/14/2014 05:25:00 PM,Unarmed,No,No,First,2014,8,Thursday,Part Two,773493.78660343,2940486.52906135,COLUMBIA RD,,"(42.31602635, -71.06619456)"
142019741,LARCEN,SkipFare,SkipFare,D4,0,08/15/2014 07:00:00 PM,Unarmed,No,No,First,2014,8,Friday,Part Two,768399.95984885,2951523.34589843,DALTON ST,,"(42.34638135, -71.08482955)"
142020118,VAND,SkipFare,SkipFare,D14,0,08/16/2014 02:28:00 AM,Unarmed,No,No,Last,2014,8,Saturday,Part Two,757443.72191885,2953584.47432211,BRIGHTON AV,,"(42.35217634, -71.12532454)"
142020306,LARCEN,SkipFare,SkipFare,A1,0,08/16/2014 08:35:00 PM,Unarmed,No,No,First,2014,8,Saturday,Part Two,777100.53529544,2954389.83557227,ATLANTIC AV,,"(42.35412634, -71.05258956)"
142021744,LARCEN,SkipFare,SkipFare,B3,0,08/22/2014 05:00:00 AM,Unarmed,No,No,Last,2014,8,Friday,Part Two,769502.32378585,2935960.46232611,GLENARM ST,,"(42.30366135, -71.08103456)"
142022374,LARCEN,SkipFare,SkipFare,B2,0,08/24/2014 04:35:00 AM,Unarmed,No,No,Last,2014,8,Sunday,Part Two,768518.1535101,2938632.24536835,CRAWFORD ST,,"(42.31100607, -71.08462456)"
142024385,LARCEN,SkipFare,SkipFare,C6,0,08/30/2014 05:08:00 AM,Unarmed,No,No,Last,2014,8,Saturday,Part Two,774112.74993243,2943738.54257044,BAKER CT,WILLOW CT,"(42.32494135, -71.06384456)"
142025258,LARCEN,SkipFare,SkipFare,E5,0,09/02/2014 02:02:00 AM,Unarmed,No,No,Last,2014,9,Tuesday,Part Two,755657.71203944,2928015.97690277,ROSECLIFF ST,,"(42.28203636, -71.13233954)"
142037485,LARCEN,SkipFare,SkipFare,D4,0,09/08/2014 06:34:00 PM,Unarmed,No,No,First,2014,9,Monday,Part Two,771325.30537611,2947669.37427568,HARRISON AV,,"(42.33576635, -71.07407956)"
142028909,LARCEN,SkipFare,SkipFare,B2,0,09/12/2014 09:19:00 PM,Unarmed,No,No,First,2014,9,Friday,Part Two,762198.70223827,2948582.04338211,BROOKLINE AV,,"(42.33839085, -71.10781878)"
142030012,LARCEN,SkipFare,SkipFare,B2,0,09/16/2014 03:11:00 PM,Unarmed,No,No,Day,2014,9,Tuesday,Part Two,769247.88466219,2941234.26313019,WARREN ST,,"(42.31813635, -71.08187956)"
142030727,LARCEN,SkipFare,SkipFare,B2,0,09/18/2014 06:57:00 PM,Unarmed,No,No,First,2014,9,Thursday,Part Two,769099.13922476,2943718.9172816,ROCKVILLE PARK,,"(42.32495635, -71.08238456)"
142031442,LARCEN,SkipFare,SkipFare,B2,0,09/21/2014 12:20:00 AM,Unarmed,No,No,Last,2014,9,Sunday,Part Two,774171.184929,2942095.279418,ELDER ST,CAWFIELD ST,"(42.32043135, -71.06365957)"
142031489,LARCEN,SkipFare,SkipFare,D4,0,09/21/2014 03:17:00 AM,Unarmed,No,No,Last,2014,9,Sunday,Part Two,767126.983753,2953146.175014,MASSACHUSETTS AV,BEACON ST,"(42.35085135, -71.08950955)"
142033140,LARCEN,SkipFare,SkipFare,D14,0,09/26/2014 03:22:00 AM,Unarmed,No,No,Last,2014,9,Friday,Part Two,749854.087264,2952428.129056,MARKET ST,WASHINGTON ST,"(42.34909135, -71.15341953)"
142033146,LARCEN,SkipFare,SkipFare,B3,0,09/26/2014 05:12:00 AM,Unarmed,No,No,Last,2014,9,Friday,Part Two,770082.16842669,2925394.73214526,FREELAND ST,,"(42.2746605, -71.07908383)"
142033939,LARCEN,SkipFare,SkipFare,C6,0,09/26/2014 10:23:00 AM,Unarmed,No,No,Day,2014,9,Friday,Part Two,774048.66180603,2945903.51461844,SOUTHAMPTON ST,,"(42.33088301, -71.06404063)"
142033346,LARCEN,SkipFare,SkipFare,D4,0,09/26/2014 05:05:00 PM,Unarmed,No,No,First,2014,9,Friday,Part Two,764551.49444869,2950714.12934102,BOYLSTON ST,,"(42.34421135, -71.09907955)"
142033507,LARCEN,SkipFare,SkipFare,A1,0,09/27/2014 02:31:00 AM,Unarmed,No,No,Last,2014,9,Saturday,Part Two,776995.79928444,2956322.58236293,STATE ST,,"(42.35943134, -71.05293956)"
142034517,IVMV,SkipFare,SkipFare,B3,0,09/30/2014 01:00:00 PM,Unarmed,No,No,Day,2014,9,Tuesday,Part Two,765655.06179535,2922344.65524019,EDGEWATER DR,,"(42.26634965, -71.09549513)"
142035666,LARCEN,SkipFare,SkipFare,C11,0,10/04/2014 12:52:00 AM,Unarmed,No,No,Last,2014,10,Saturday,Part Two,775699.81664019,2940672.7816416,MAYFIELD ST,,"(42.31650636, -71.05803456)"
142035982,LARCEN,SkipFare,SkipFare,C11,0,10/04/2014 11:14:00 PM,Unarmed,No,No,First,2014,10,Saturday,Part Two,775805.07627219,2938628.89694986,DORCHESTER AV,,"(42.31089635, -71.05768456)"
142036040,IVPER,SkipFare,SkipFare,B2,0,10/05/2014 02:10:00 AM,Unarmed,No,No,Last,2014,10,Sunday,Part Two,764408.49998402,2945757.25834927,ALLEGHANY ST,,"(42.33061136, -71.09969454)"
142037004,LARCEN,SkipFare,SkipFare,D14,0,10/07/2014 11:28:00 PM,Unarmed,No,No,First,2014,10,Tuesday,Part Two,750464.50720277,2950081.73198377,WALLINGFORD RD,,"(42.34264591, -71.1511969)"
142037328,LARCEN,SkipFare,SkipFare,A7,0,10/09/2014 12:25:00 AM,Unarmed,No,No,Last,2014,10,Thursday,Part Two,781155.32541419,2960573.97018561,CHELSEA ST,,"(42.37103634, -71.03746457)"
142037348,LARCEN,SkipFare,SkipFare,D4,0,10/09/2014 01:55:00 AM,Unarmed,No,No,Last,2014,10,Thursday,Part Two,772550.77831885,2950219.22875602,SHAWMUT AV,,"(42.34274635, -71.06949956)"
142037855,LARCEN,SkipFare,SkipFare,A1,0,10/10/2014 03:15:00 PM,Unarmed,No,No,Day,2014,10,Friday,Part Two,774173.82264494,2953204.85401836,STUART ST,,"(42.35091634, -71.06343956)"
142039134,BE,SkipFare,SkipFare,B2,0,10/14/2014 10:00:00 PM,Unarmed,No,No,First,2014,10,Tuesday,Part Two,772961.20892843,2943377.36743978,NORFOLK AV,,"(42.32396635, -71.06810956)"
142042163,LARCEN,SkipFare,SkipFare,D14,0,10/24/2014 09:00:00 AM,Unarmed,No,No,Day,2014,10,Friday,Part Two,755316.56475585,2957656.46519385,WESTERN AV,,"(42.36337538, -71.13312909)"
142042771,LARCEN,SkipFare,SkipFare,A7,0,10/26/2014 03:46:00 AM,Unarmed,No,No,Last,2014,10,Sunday,Part Two,787945.87548135,2966493.18538126,BRANDYWYNE DR,,"(42.38717486, -71.01221059)"
142043029,LARCEN,SkipFare,SkipFare,B2,0,10/27/2014 02:22:00 AM,Unarmed,No,No,Last,2014,10,Monday,Part Two,762936.28606493,2949525.84956536,BROOKLINE AV,,"(42.34097135, -71.10507455)"
142043078,IVPER,SkipFare,SkipFare,A1,0,10/27/2014 09:30:00 AM,Unarmed,No,No,Day,2014,10,Monday,Part Two,775230.53214569,2957958.79661019,CANAL ST,,"(42.36394634, -71.05943956)"
142044246,LARCEN,SkipFare,SkipFare,B2,0,10/30/2014 03:30:00 PM,Unarmed,No,No,Day,2014,10,Thursday,Part Two,768866.04060961,2944657.99611211,WARREN ST,,"(42.32753635, -71.08322955)"
142044437,LARCEN,SkipFare,SkipFare,D4,0,10/31/2014 07:00:00 AM,Unarmed,No,No,Last,2014,10,Friday,Part Two,770909.89085261,2949376.46731819,W NEWTON ST,,"(42.34045635, -71.07558455)"
142045340,LARCEN,SkipFare,SkipFare,A1,0,11/02/2014 10:26:00 PM,Unarmed,No,No,First,2014,11,Sunday,Part Two,773620.77453844,2953252.20989478,STUART ST,,"(42.35105404, -71.0654846)"
142045582,LARCEN,SkipFare,SkipFare,B2,0,11/03/2014 06:29:00 PM,Unarmed,No,No,First,2014,11,Monday,Part Two,771888.27636303,2942305.98802085,DUDLEY ST,,"(42.32104128, -71.07209693)"
142046952,LARCEN,SkipFare,SkipFare,A7,0,11/08/2014 03:20:00 PM,Unarmed,No,No,Day,2014,11,Saturday,Part Two,779882.43327494,2960845.89188585,BORDER ST,,"(42.37180134, -71.04216956)"
142047173,IVPER,SkipFare,SkipFare,D4,0,11/08/2014 09:00:00 PM,Unarmed,No,No,First,2014,11,Saturday,Part Two,770930.35800327,2951474.63339743,DARTMOUTH ST,,"(42.3462135, -71.07547022)"
142047298,LARCEN,SkipFare,SkipFare,B3,0,11/09/2014 09:17:00 AM,Unarmed,No,No,Day,2014,11,Sunday,Part Two,765393.006004,2929421.111326,DEERING RD,HARVARD ST,"(42.28577136, -71.09633956)"
142047410,LARCEN,SkipFare,SkipFare,B2,0,11/09/2014 04:24:00 PM,Unarmed,No,No,First,2014,11,Sunday,Part Two,768951.80651418,2937603.30877794,WASHINGTON ST,,"(42.30817681, -71.08303992)"
142047531,LARCEN,SkipFare,SkipFare,D14,0,11/10/2014 01:45:00 AM,Unarmed,No,No,Last,2014,11,Monday,Part Two,745467.01293268,2952646.1179311,NONANTUM ST,,"(42.34973729, -71.16964546)"
142048673,LARCEN,SkipFare,SkipFare,B3,0,11/13/2014 06:28:00 PM,Unarmed,No,No,First,2014,11,Thursday,Part Two,767251.1993511,2930989.70947236,BLUE HILL AV,,"(42.29005136, -71.08944455)"
142049588,LARCEN,SkipFare,SkipFare,A1,0,11/16/2014 06:57:00 PM,Unarmed,No,No,First,2014,11,Sunday,Part Two,772173.33484803,2956458.15984769,CHARLES ST,,"(42.35987134, -71.07077956)"
142050543,LARCEN,SkipFare,SkipFare,C11,0,11/19/2014 11:15:00 PM,Unarmed,No,No,First,2014,11,Wednesday,Part Two,776060.163229,2940811.308068,DORCHESTER AV,SUDAN ST,"(42.31688136, -71.05669957)"
142051136,LARCEN,SkipFare,SkipFare,D4,0,11/21/2014 10:52:00 PM,Unarmed,No,No,First,2014,11,Friday,Part Two,766904.13475652,2952753.6157476,MARLBOROUGH ST,,"(42.34977709, -71.09034093)"
142051393,LARCEN,SkipFare,SkipFare,D4,0,11/22/2014 09:00:00 PM,Unarmed,No,No,First,2014,11,Saturday,Part Two,769682.07572294,2951649.88337502,HUNTINGTON AV,,"(42.34671135, -71.08008456)"
142052537,LARCEN,SkipFare,SkipFare,E13,0,11/26/2014 08:05:00 PM,Unarmed,No,No,First,2014,11,Wednesday,Part Two,760751.99548602,2940835.22258969,CENTRE ST,,"(42.31715135, -71.11329954)"
142052701,IVPER,SkipFare,SkipFare,A7,0,11/27/2014 05:00:00 PM,Unarmed,No,No,First,2014,11,Thursday,Part Two,781067.59068152,2964795.43221511,CONDOR ST,,"(42.38262135, -71.03770457)"
142052863,LARCEN,SkipFare,SkipFare,C11,0,11/28/2014 10:30:00 AM,Unarmed,No,No,Day,2014,11,Friday,Part Two,775275.71151727,2933759.26758152,GIBSON ST,,"(42.29754136, -71.05973457)"
142057998,LARCEN,SkipFare,SkipFare,D14,0,12/05/2014 06:27:00 PM,Unarmed,No,No,First,2014,12,Friday,Part Two,756861.19421252,2954437.91323201,ASHFORD ST,,"(42.35452521, -71.12746579)"
142055832,LARCEN,SkipFare,SkipFare,B3,0,12/09/2014 04:03:00 AM,Unarmed,No,No,Last,2014,12,Tuesday,Part Two,769698.625783,2929325.273206,STANTON ST,NORFOLK ST,"(42.28545136, -71.08042956)"
142056106,IVPER,SkipFare,SkipFare,B2,0,12/10/2014 01:55:00 AM,Unarmed,No,No,Last,2014,12,Wednesday,Part Two,770630.78576777,2943789.72258618,MT PLEASANT AV,,"(42.32512992, -71.07671944)"
142056522,IVPER,SkipFare,SkipFare,D14,0,12/11/2014 10:06:00 AM,Unarmed,No,No,Day,2014,12,Thursday,Part Two,752693.67236386,2951062.6210981,FIDELIS WY,,"(42.3453122, -71.14293624)"
142058055,LARCEN,SkipFare,SkipFare,B3,0,12/16/2014 02:06:00 PM,Unarmed,No,No,Day,2014,12,Tuesday,Part Two,768175.757648,2932550.266646,NIGHTINGALE ST,TALBOT AV,"(42.29432136, -71.08599956)"
142058398,LARCEN,SkipFare,SkipFare,B2,0,12/17/2014 05:18:00 PM,Unarmed,No,No,First,2014,12,Wednesday,Part Two,771114.03972253,2939350.45882694,QUINCY ST,,"(42.3129418, -71.07501422)"
142058794,IVPER,SkipFare,SkipFare,A1,0,12/18/2014 08:38:00 PM,Unarmed,No,No,First,2014,12,Thursday,Part Two,776023.690074,2953030.359591,ATLANTIC AV,BEACH ST,"(42.35041135, -71.05659957)"
142061792,LARCEN,SkipFare,SkipFare,A7,0,12/24/2014 01:00:00 PM,Unarmed,No,No,Day,2014,12,Wednesday,Part Two,,,MCCLELLAN HY,,"(0E-8, 0E-8)"
142060559,LARCEN,SkipFare,SkipFare,C11,0,12/25/2014 06:30:00 PM,Unarmed,No,No,First,2014,12,Thursday,Part Two,772955.95664235,2935866.53502052,TOPLIFF ST,,"(42.30335635, -71.06826956)"
142060605,LARCEN,SkipFare,SkipFare,A7,0,12/26/2014 05:40:00 AM,Unarmed,No,No,Last,2014,12,Friday,Part Two,780544.31580944,2959876.42532085,MAVERICK SQ,,"(42.36913134, -71.03973957)"
152000057,LARCEN,SkipFare,SkipFare,C11,0,01/01/2015 01:55:00 AM,Unarmed,No,No,Last,2015,1,Thursday,Part Two,775621.6904841,2940091.11843485,PEARL ST,,"(42.31491136, -71.05833456)"
152000291,LARCEN,SkipFare,SkipFare,A7,0,01/01/2015 07:30:00 PM,Unarmed,No,No,First,2015,1,Thursday,Part Two,,,MAVERICK SQ,,"(0E-8, 0E-8)"
152001049,LARCEN,SkipFare,SkipFare,D4,0,01/04/2015 10:45:00 PM,Unarmed,No,No,First,2015,1,Sunday,Part Two,,,BOYLSTON ST,,"(0E-8, 0E-8)"
152001056,LARCEN,SkipFare,SkipFare,D4,0,01/04/2015 11:55:00 PM,Unarmed,No,No,Last,2015,1,Sunday,Part Two,769685.72761853,2948985.93725935,TREMONT ST,,"(42.33940135, -71.08011956)"
152002736,LARCEN,SkipFare,SkipFare,D14,0,01/11/2015 12:20:00 AM,Unarmed,No,No,Last,2015,1,Sunday,Part Two,750199.69178752,2950888.22085635,PRISCILLA RD,,"(42.34486192, -71.15216427)"
152004730,LARCEN,SkipFare,SkipFare,A1,0,01/13/2015 09:15:00 AM,Unarmed,No,No,Day,2015,1,Tuesday,Part Two,772536.25275735,2957381.92177969,FRUIT ST,,"(42.36240114, -71.06941954)"
152003589,DISTRB,SkipFare,SkipFare,E18,0,01/14/2015 12:35:00 PM,Unarmed,No,No,Day,2015,1,Wednesday,Part Two,758248.20226527,2916154.64990368,TRUMAN PY,,"(42.24945688, -71.12296049)"
152004084,LARCEN,SkipFare,SkipFare,C6,0,01/16/2015 02:30:00 AM,Other,No,No,Last,2015,1,Friday,Part Two,784247.74245768,2947746.63429177,E BROADWAY,,"(42.33579135, -71.02628457)"
152004200,IVPREM,SkipFare,SkipFare,C6,0,01/16/2015 01:00:00 PM,Unarmed,No,No,Day,2015,1,Friday,Part Two,777988.57748261,2946951.06698526,DORCHESTER ST,,"(42.33370135, -71.04944957)"
152004782,REQP,SkipFare,SkipFare,A1,0,01/18/2015 02:00:00 PM,Unarmed,No,No,Day,2015,1,Sunday,Part Two,774311.21311819,2953296.66485836,WASHINGTON ST,,"(42.35116634, -71.06292956)"
152006122,LARCEN,SkipFare,SkipFare,A1,0,01/23/2015 10:52:00 PM,Unarmed,No,No,First,2015,1,Friday,Part Two,772795.17612402,2958114.74347676,EMERSON PL,,"(42.36440843, -71.06844779)"
152006448,LARCEN,SkipFare,SkipFare,C11,0,01/23/2015 11:57:00 PM,Unarmed,No,No,Last,2015,1,Friday,Part Two,775699.81664019,2940672.7816416,MAYFIELD ST,,"(42.31650636, -71.05803456)"
152009046,IVPER,SkipFare,SkipFare,B2,0,02/03/2015 06:30:00 PM,Unarmed,No,No,First,2015,2,Tuesday,Part Two,765504.72121676,2943244.24434644,MARCELLA ST,,"(42.32370135, -71.09568455)"
152009407,IVPER,SkipFare,SkipFare,B3,0,02/04/2015 08:28:00 PM,Unarmed,No,No,First,2015,2,Wednesday,Part Two,765898.59050777,2926558.56741603,WALK HILL ST,,"(42.27790976, -71.09452141)"
152009957,LARCEN,SkipFare,SkipFare,A1,0,02/05/2015 02:30:00 PM,Unarmed,No,No,Day,2015,2,Thursday,Part Two,776115.79743552,2957088.76980694,BLACKSTONE ST,,"(42.36154638, -71.05618071)"
152010075,LARCEN,SkipFare,SkipFare,B2,0,02/07/2015 03:41:00 AM,Unarmed,No,No,Last,2015,2,Saturday,Part Two,768803.76251894,2942626.38140893,ROCKLAND ST,,"(42.32196235, -71.08349655)"
152011116,LARCEN,SkipFare,SkipFare,D4,0,02/11/2015 08:14:00 AM,Unarmed,No,No,Day,2015,2,Wednesday,Part Two,,,TREMONT ST,,"(0E-8, 0E-8)"
152014179,LARCEN,SkipFare,SkipFare,D14,0,02/22/2015 01:40:00 AM,Unarmed,No,No,Last,2015,2,Sunday,Part Two,744525.87767586,2953176.03517835,TREMONT ST,,"(42.35120135, -71.17311952)"
152015367,DISTRB,SkipFare,SkipFare,B2,0,02/25/2015 08:28:00 PM,Unarmed,No,No,First,2015,2,Wednesday,Part Two,768944.78159385,2938342.49660402,WARREN ST,,"(42.31020528, -71.08305253)"
152016435,LARCEN,SkipFare,SkipFare,A1,0,03/01/2015 04:15:00 AM,Unarmed,No,No,Last,2015,3,Sunday,Part Two,773540.53421336,2952024.51845252,MARGINAL RD,SHAWMUT AV,"(42.34768634, -71.06580456)"
152017835,IVPER,SkipFare,SkipFare,B2,0,03/05/2015 01:49:00 PM,Other,No,No,Day,2015,3,Thursday,Part Two,768511.94715769,2945459.82816985,WASHINGTON ST,,"(42.32974135, -71.08452455)"
152018949,LARCEN,SkipFare,SkipFare,D14,0,03/07/2015 08:43:00 PM,Unarmed,No,No,First,2015,3,Saturday,Part Two,755527.28086985,2953885.89924419,BRIGHTON AV,HARVARD AV,"(42.35302635, -71.13240954)"
152020093,LARCEN,SkipFare,SkipFare,D4,0,03/12/2015 06:00:00 PM,Unarmed,No,No,First,2015,3,Thursday,Part Two,767168.14767994,2951333.3469346,HEMENWAY ST,,"(42.34587634, -71.08938955)"
152020714,LARCEN,SkipFare,SkipFare,C11,0,03/14/2015 08:30:00 PM,Unarmed,No,No,First,2015,3,Saturday,Part Two,776336.8898411,2933116.09170252,VICTORY RD,,"(42.29576135, -71.05582456)"
152020788,LARCEN,SkipFare,SkipFare,C6,0,03/15/2015 02:36:00 AM,Unarmed,No,No,Last,2015,3,Sunday,Part Two,778230.05961118,2948269.73659202,W BROADWAY,,"(42.33731631, -71.04853066)"
152021040,LARCEN,SkipFare,SkipFare,E5,0,03/16/2015 12:35:00 AM,Unarmed,No,No,Last,2015,3,Monday,Part Two,758817.40289852,2932200.62601377,WASHINGTON ST,,"(42.29348136, -71.12059454)"
152021997,PERGUN,SkipFare,SkipFare,A7,0,03/19/2015 12:04:00 AM,Other,No,No,Last,2015,3,Thursday,Part Two,,,BROOK ST,LEXINGTON ST,"(0E-8, 0E-8)"
152022865,LARCEN,SkipFare,SkipFare,D4,0,03/21/2015 11:00:00 AM,Unarmed,No,No,Day,2015,3,Saturday,Part Two,770627.28479053,2948030.32630968,WASHINGTON ST,,"(42.33676635, -71.07665456)"
152022815,IVPER,SkipFare,SkipFare,D4,0,03/21/2015 06:30:00 PM,Unarmed,No,No,First,2015,3,Saturday,Part Two,773221.13491778,2949708.77898952,HARRISON AV,,"(42.34133635, -71.06702956)"
152023674,LARCEN,SkipFare,SkipFare,C11,0,03/24/2015 01:09:00 PM,Unarmed,No,No,Day,2015,3,Tuesday,Part Two,,,WASHINGTON ST,BURT ST,"(0E-8, 0E-8)"
152023864,LARCEN,SkipFare,SkipFare,D14,0,03/24/2015 07:00:00 PM,Unarmed,No,No,First,2015,3,Tuesday,Part Two,,,ADAMS ST,,"(0E-8, 0E-8)"
152025380,LARCEN,SkipFare,SkipFare,B2,0,03/29/2015 12:59:00 AM,Unarmed,No,No,Last,2015,3,Sunday,Part Two,762976.58290036,2947017.40773186,HUNTINGTON AV,,"(42.33408758, -71.10496847)"
152026999,LARCEN,SkipFare,SkipFare,C6,0,04/03/2015 03:25:00 AM,Unarmed,No,No,Last,2015,4,Friday,Part Two,773244.95770476,2944483.01745944,MASSACHUSETTS AV,,"(42.32699635, -71.06703956)"
152029575,LARCEN,SkipFare,SkipFare,C11,0,04/12/2015 01:27:00 AM,Unarmed,No,No,Last,2015,4,Sunday,Part Two,777799.96696744,2929124.20401701,MINOT ST,,"(42.28478636, -71.05049457)"
152031169,IVPER,SkipFare,SkipFare,D4,0,04/16/2015 10:50:00 PM,Unarmed,No,No,First,2015,4,Thursday,Part Two,762704.59459918,2951104.56884885,MEDFIELD ST,,"(42.34530635, -71.10590455)"
152031182,INVEST,SkipFare,SkipFare,C11,0,04/17/2015 01:45:00 AM,Unarmed,No,No,Last,2015,4,Friday,Part Two,775166.59592185,2934196.0111306,PARK ST,DORCHESTER AV,"(42.29874135, -71.06012957)"
152031494,IVPER,SkipFare,SkipFare,E18,0,04/17/2015 10:11:00 PM,Unarmed,No,No,First,2015,4,Friday,Part Two,,,CUMMINS HY,,"(0E-8, 0E-8)"
152032103,IVPER,SkipFare,SkipFare,B2,0,04/20/2015 08:06:00 AM,Unarmed,No,No,Day,2015,4,Monday,Part Two,765134.36631444,2941701.0571441,DIMOCK ST,,"(42.31947158, -71.097081)"
